100085941581247,marhite.naibaho
100079317817530,marhite.naibaho
100078078352972,marhite.naibaho
danny.bekend.7,marhite.naibaho
oktavia.adelina.56,marhite.naibaho
nelson.nababan.965,marhite.naibaho
100075704321863,100074135535742
faisalbahri.bahri.12,100074135535742
desma.omom,100074135535742
100075209473510,100074135535742
100080475229943,100074135535742
isma.hutapea.39,100074135535742
100076455134182,100074135535742
donita.ita.161,100074135535742
100090154244067,100074135535742
100089661518122,100074135535742
darma.w.siregarr,100036783193836
siti.jonirianto,100036783193836
100084152666944,100036783193836
100056063917855,100036783193836
100080749223441,100056063917855
100011607631149,100080749223441
100080749223441,100011607631149
100088371203199,100011607631149
100080749223441,100088371203199
irma.damayanti.1023,100088371203199
100091809002771,100088371203199
100088371203199,100091809002771
irma.damayanti.1023,100091809002771
100091809002771,irma.damayanti.1023
100088371203199,irma.damayanti.1023
100085941581247,irma.damayanti.1023
100084222944881,irma.damayanti.1023
100093068935088,100084222944881
100093068935088,100090265785270
100090083893296,100090265785270
100074135535742,100089661518122
100034744269473,100089661518122
100085941581247,oktavia.adelina.56
elvanovita.sari.37,oktavia.adelina.56
zul.marpaung.77,sukimin.min.14019
sriono.ono.754,sukimin.min.14019
darwinsitorus.bangtorus,sukimin.min.14019
100070321208826,sukimin.min.14019
100069386964226,yoko.youngkir
100069198804539,yoko.youngkir
dian.wardahna,yoko.youngkir
bambang.putri.798,yoko.youngkir
bedolnhany.bedol,yoko.youngkir
ucpenakluk.ucpenakluk,yoko.youngkir
100039913328931,yoko.youngkir
supri.sppinang,yoko.youngkir
100034821754516,yoko.youngkir
rizak.japang,yoko.youngkir
suriany.yani.3,yoko.youngkir
jepry.pane.1,yoko.youngkir
100007415798224,yoko.youngkir
100006151848674,yoko.youngkir
100069386964226,100060689464268
boos.grub,100060689464268
100053584963235,100060689464268
sahat.hasibuan.10,100060689464268
dini.silaen.18,100060689464268
rizak.japang,100060689464268
100030423527943,100060689464268
100070726473115,amriadi.panjaitan
100087409873573,amriadi.panjaitan
100084706526080,amriadi.panjaitan
100078345064202,amriadi.panjaitan
100075774222735,amriadi.panjaitan
100070114785141,amriadi.panjaitan
100086501023997,tiaras.tiaras.7564
100086021093712,100034744269473
100023797042466,100034744269473
100095099569201,100086501023997
100094332462209,100095099569201
100095099569201,100094332462209
100084559955905,100094332462209
100094332462209,100084559955905
100091282710888,100084559955905
100084559955905,100091282710888
ding.mumbackha,100091282710888
nor.aidah.142892,ding.mumbackha
100091282710888,ding.mumbackha
100090293568058,ding.mumbackha
100084559955905,100090293568058
100087851566673,100090293568058
100090293568058,100087851566673
ding.mumbackha,nor.aidah.142892
100078078352972,100086645817243
100079317817530,100086645817243
100069386964226,100086645817243
sampang.marbun.92,100086645817243
rizak.japang,100086645817243
suprianto.pane.3,100086645817243
winson.gultom.90,100086645817243
100034744269473,100023797042466
100076455134182,100078011950694
100069386964226,100078011950694
bang.napitupulu.10,100078011950694
mjsitorus.pane,100078011950694
100053000375386,100078011950694
julhen.tan,100078011950694
rizak.japang,100078011950694
suprianto.pane.3,100078011950694
100061686106392,rido.patdila.1
dedisaputra.pasaribu.37,rido.patdila.1
rizak.japang,rido.patdila.1
suprianto.pane.3,100073372478412
oktavia.adelina.56,100073372478412
sampang.marbun.92,100073372478412
bambang.putri.798,100073372478412
100069386964226,100073372478412
100070726473115,100073372478412
warensius.sinaga.9,100073372478412
rizak.japang,100073372478412
darmadi.chanigho,100073372478412
fernandus.siagian.5,100073372478412
safarudin.chaniago.9,100073372478412
jepry.pane.1,100073372478412
100088511294114,100070665161956
100084706526080,100070665161956
100078345064202,100070665161956
rizak.japang,100070665161956
fortuner.fortun.12,100070665161956
100006151848674,100070665161956
jasa.ribah,mozezprienbaster.mozezprienbaster
jtk.jtk.7161,mozezprienbaster.mozezprienbaster
jabrit.gobel,mozezprienbaster.mozezprienbaster
evasusantihutapea.eva,jabrit.gobel
ali.yono.1044186,jabrit.gobel
siraja.parna.18,jabrit.gobel
safrijal.safrijal.71216,jabrit.gobel
mozezprienbaster.mozezprienbaster,jabrit.gobel
jabrit.gobel,mamath.intan.737
dody.nugraha.944,mamath.intan.737
100085902557148,dody.nugraha.944
dody.nugraha.944,sutrisrahayu.sutrisrahayu
100034744269473,100086021093712
100080842762762,100086021093712
mozezprienbaster.mozezprienbaster,jasa.ribah
jtk.jtk.7161,jasa.ribah
100060823224729,jasa.ribah
nurdianymarbun.any,jasa.ribah
jasa.ribah,100060823224729
100072227381034,100073312233911
100069386964226,100073312233911
100061686106392,100073312233911
syamsidar.dedek.1,100073312233911
bangg.kanouelietzh,100073312233911
rizak.japang,100073312233911
jepry.pane.1,100073312233911
bangg.kanouelietzh,ferdina.zen
jepry.pane.1,ferdina.zen
suprianto.pane.3,ferdina.zen
100073635041649,tiara.afriza.716
edy.gusniawan.1,tiara.afriza.716
siti.jonirianto,tiara.afriza.716
100074020743424,tiara.afriza.716
100069386964226,tiara.afriza.716
100068333153105,tiara.afriza.716
dian.wardahna,tiara.afriza.716
bedolnhany.bedol,tiara.afriza.716
100047019187609,tiara.afriza.716
jefri.s.darma.3,tiara.afriza.716
ucpenakluk.ucpenakluk,tiara.afriza.716
100039913328931,tiara.afriza.716
kanou.puetrakaleem,tiara.afriza.716
irfann.mansurr,tiara.afriza.716
darma.w.siregarr,tiara.afriza.716
100034821754516,tiara.afriza.716
bangg.kanouelietzh,tiara.afriza.716
rizak.japang,tiara.afriza.716
ferypadly.pane,tiara.afriza.716
jepry.pane.1,tiara.afriza.716
azwar.kabun,tiara.afriza.716
100006151848674,tiara.afriza.716
dian.brandals.35,tiara.afriza.716
oktavia.adelina.56,100085941581247
arifin.y.gultom,100085941581247
rio.naldy.96,100085941581247
hotmarisi.hutabarat.3,100085941581247
darmadi.chanigho,100085941581247
100076559285014,100085941581247
100085941581247,100076559285014
100078078352972,100076559285014
100076559285014,100075223763679
sampang.marbun.92,100075223763679
fernandus.siagian.5,100075223763679
100086021093712,100080842762762
100084870042708,100080842762762
pani.kembayan,100058603207893
100059482352169,100058603207893
100074243710374,100059482352169
100074243710374,100076326656194
tessie.serrano.503,100076326656194
ssaejyam.zena,tessie.serrano.503
100090721755564,ssaejyam.zena
ssaejyam.zena,100090721755564
100053649755153,100084870042708
100090480843070,100084870042708
100007415798224,100089517595679
bedolnhany.bedol,100089517595679
100076277472184,100089517595679
radira.radira.3,100089517595679
100058255179682,100089517595679
100084152666944,100089517595679
100087843673039,100089517595679
bambang.putri.798,100089517595679
100069386964226,100089517595679
100070229514247,100089517595679
edy.gusniawan.1,100089517595679
darma.w.siregarr,100089517595679
rizak.japang,100089517595679
uwo.eko.5,100089517595679
jepry.pane.1,100089517595679
fernandus.siagian.5,rio.naldy.96
100085941581247,rio.naldy.96
100079317817530,rio.naldy.96
100078078352972,rio.naldy.96
danny.bekend.7,rio.naldy.96
sarma.hasibuan.90,rio.naldy.96
oktavia.adelina.56,rio.naldy.96
sundari.akilahsifanah,rio.naldy.96
sahat.hasibuan.10,rio.naldy.96
rizak.japang,100089488513544
suriany.yani.3,100089488513544
rizak.japang,100085152333018
suriany.yani.3,100085152333018
100007415798224,100085152333018
rizak.japang,100081896298341
julhen.tan,100081896298341
100087409873573,100081896298341
100074135535742,100080475229943
faisalbahri.bahri.12,100080475229943
sulinem.ulin,100080475229943
dina.e.moet.1,100080475229943
100078419051487,100080475229943
100077764404055,100080475229943
100075209473510,100080475229943
100073953099870,100080475229943
evasusantihutapea.eva,100080475229943
bang.napitupulu.10,100080475229943
gio.miratana.9,100080475229943
100063942596243,100080475229943
bilqissila.bilqis.5,100080475229943
yusdiana.manurung,100080475229943
safrijal.rijal.3110,100080475229943
julhen.tan,100080475229943
rizak.japang,100080475229943
isma.hutapea.39,100080475229943
safrijal.safrijal.71216,100080475229943
dewi.nova.1441,100080475229943
zayy.zee.5,100080475229943
donita.ita.161,100080475229943
desma.omom,100080475229943
arifin.y.gultom,100078078352972
suprianto.pane.3,100078078352972
marhite.naibaho,100078078352972
100075774222735,100078078352972
100090265117394,100078078352972
100075774222735,100077094481200
100073635041649,100077094481200
100070229514247,100077094481200
100069386964226,100077094481200
bambang.putri.798,100077094481200
100076468218017,100075583531040
100070726473115,100075583531040
ernafitriawati.erna,100075583531040
100068333153105,100075583531040
bambang.putri.798,100075583531040
100058255179682,100075583531040
syamsidar.dedek.1,100075583531040
bedolnhany.bedol,100075583531040
edy.gusniawan.1,100075583531040
siti.jonirianto,100075583531040
darma.w.siregarr,100075583531040
supri.sppinang,100075583531040
100034821754516,100075583531040
bangg.kanouelietzh,100075583531040
rizak.japang,100075583531040
100027229384880,100075583531040
dedisdedis.dedis,100075583531040
yogi.andrean.9480,100075583531040
jepry.pane.1,100075583531040
radira.radira.3,100075583531040
100006151848674,100075583531040
risya.harahap,100075583531040
arifin.y.gultom,100075774222735
sahrial.sirait.94,100075774222735
sunarji.sunarji.169405,100075774222735
100076468218017,100075583531040
100070726473115,100075583531040
ernafitriawati.erna,100075583531040
100068333153105,100075583531040
bambang.putri.798,100075583531040
100058255179682,100075583531040
syamsidar.dedek.1,100075583531040
bedolnhany.bedol,100075583531040
edy.gusniawan.1,100075583531040
siti.jonirianto,100075583531040
darma.w.siregarr,100075583531040
supri.sppinang,100075583531040
100034821754516,100075583531040
bangg.kanouelietzh,100075583531040
rizak.japang,100075583531040
100027229384880,100075583531040
dedisdedis.dedis,100075583531040
yogi.andrean.9480,100075583531040
jepry.pane.1,100075583531040
radira.radira.3,100075583531040
100006151848674,100075583531040
risya.harahap,100075583531040
100076468218017,100075583531040
100070726473115,100075583531040
ernafitriawati.erna,100075583531040
100068333153105,100075583531040
bambang.putri.798,100075583531040
100058255179682,100075583531040
syamsidar.dedek.1,100075583531040
bedolnhany.bedol,100075583531040
edy.gusniawan.1,100075583531040
siti.jonirianto,100075583531040
darma.w.siregarr,100075583531040
supri.sppinang,100075583531040
100034821754516,100075583531040
bangg.kanouelietzh,100075583531040
rizak.japang,100075583531040
100027229384880,100075583531040
dedisdedis.dedis,100075583531040
yogi.andrean.9480,100075583531040
jepry.pane.1,100075583531040
radira.radira.3,100075583531040
100006151848674,100075583531040
risya.harahap,100075583531040
100076468218017,100075583531040
100070726473115,100075583531040
ernafitriawati.erna,100075583531040
100068333153105,100075583531040
bambang.putri.798,100075583531040
100058255179682,100075583531040
syamsidar.dedek.1,100075583531040
bedolnhany.bedol,100075583531040
edy.gusniawan.1,100075583531040
siti.jonirianto,100075583531040
darma.w.siregarr,100075583531040
supri.sppinang,100075583531040
100034821754516,100075583531040
bangg.kanouelietzh,100075583531040
rizak.japang,100075583531040
100027229384880,100075583531040
dedisdedis.dedis,100075583531040
yogi.andrean.9480,100075583531040
jepry.pane.1,100075583531040
radira.radira.3,100075583531040
100006151848674,100075583531040
risya.harahap,100075583531040
100007415798224,100089517595679
bedolnhany.bedol,100089517595679
100076277472184,100089517595679
radira.radira.3,100089517595679
100058255179682,100089517595679
100084152666944,100089517595679
100087843673039,100089517595679
bambang.putri.798,100089517595679
100069386964226,100089517595679
100070229514247,100089517595679
edy.gusniawan.1,100089517595679
darma.w.siregarr,100089517595679
rizak.japang,100089517595679
uwo.eko.5,100089517595679
jepry.pane.1,100089517595679
100007415798224,100089517595679
bedolnhany.bedol,100089517595679
100076277472184,100089517595679
radira.radira.3,100089517595679
100058255179682,100089517595679
100084152666944,100089517595679
100087843673039,100089517595679
bambang.putri.798,100089517595679
100069386964226,100089517595679
100070229514247,100089517595679
edy.gusniawan.1,100089517595679
darma.w.siregarr,100089517595679
rizak.japang,100089517595679
uwo.eko.5,100089517595679
jepry.pane.1,100089517595679
100007415798224,100089517595679
bedolnhany.bedol,100089517595679
100076277472184,100089517595679
radira.radira.3,100089517595679
100058255179682,100089517595679
100084152666944,100089517595679
100087843673039,100089517595679
bambang.putri.798,100089517595679
100069386964226,100089517595679
100070229514247,100089517595679
edy.gusniawan.1,100089517595679
darma.w.siregarr,100089517595679
rizak.japang,100089517595679
uwo.eko.5,100089517595679
jepry.pane.1,100089517595679
ag.saputra.jr50,100053649755153
rizak.japang,100081896298341
julhen.tan,100081896298341
100087409873573,100081896298341
100074135535742,100080475229943
faisalbahri.bahri.12,100080475229943
sulinem.ulin,100080475229943
dina.e.moet.1,100080475229943
100078419051487,100080475229943
100077764404055,100080475229943
100075209473510,100080475229943
100073953099870,100080475229943
evasusantihutapea.eva,100080475229943
bang.napitupulu.10,100080475229943
gio.miratana.9,100080475229943
100063942596243,100080475229943
bilqissila.bilqis.5,100080475229943
yusdiana.manurung,100080475229943
safrijal.rijal.3110,100080475229943
julhen.tan,100080475229943
rizak.japang,100080475229943
isma.hutapea.39,100080475229943
safrijal.safrijal.71216,100080475229943
dewi.nova.1441,100080475229943
zayy.zee.5,100080475229943
donita.ita.161,100080475229943
desma.omom,100080475229943
100076468218017,100075583531040
100070726473115,100075583531040
ernafitriawati.erna,100075583531040
100068333153105,100075583531040
bambang.putri.798,100075583531040
100058255179682,100075583531040
syamsidar.dedek.1,100075583531040
bedolnhany.bedol,100075583531040
edy.gusniawan.1,100075583531040
siti.jonirianto,100075583531040
darma.w.siregarr,100075583531040
supri.sppinang,100075583531040
100034821754516,100075583531040
bangg.kanouelietzh,100075583531040
rizak.japang,100075583531040
100027229384880,100075583531040
dedisdedis.dedis,100075583531040
yogi.andrean.9480,100075583531040
jepry.pane.1,100075583531040
radira.radira.3,100075583531040
100006151848674,100075583531040
risya.harahap,100075583531040
rizak.japang,100085152333018
suriany.yani.3,100085152333018
100007415798224,100085152333018
100006857892194,100073325965054
dina.e.moet.1,100073325965054
julhen.tan,100073325965054
100076468218017,100075583531040
100070726473115,100075583531040
ernafitriawati.erna,100075583531040
100068333153105,100075583531040
bambang.putri.798,100075583531040
100058255179682,100075583531040
syamsidar.dedek.1,100075583531040
bedolnhany.bedol,100075583531040
edy.gusniawan.1,100075583531040
siti.jonirianto,100075583531040
darma.w.siregarr,100075583531040
supri.sppinang,100075583531040
100034821754516,100075583531040
bangg.kanouelietzh,100075583531040
rizak.japang,100075583531040
100027229384880,100075583531040
dedisdedis.dedis,100075583531040
yogi.andrean.9480,100075583531040
jepry.pane.1,100075583531040
radira.radira.3,100075583531040
100006151848674,100075583531040
risya.harahap,100075583531040
100076468218017,100075583531040
100070726473115,100075583531040
ernafitriawati.erna,100075583531040
100068333153105,100075583531040
bambang.putri.798,100075583531040
100058255179682,100075583531040
syamsidar.dedek.1,100075583531040
bedolnhany.bedol,100075583531040
edy.gusniawan.1,100075583531040
siti.jonirianto,100075583531040
darma.w.siregarr,100075583531040
supri.sppinang,100075583531040
100034821754516,100075583531040
bangg.kanouelietzh,100075583531040
rizak.japang,100075583531040
100027229384880,100075583531040
dedisdedis.dedis,100075583531040
yogi.andrean.9480,100075583531040
jepry.pane.1,100075583531040
radira.radira.3,100075583531040
100006151848674,100075583531040
risya.harahap,100075583531040
100007415798224,100089517595679
bedolnhany.bedol,100089517595679
100076277472184,100089517595679
radira.radira.3,100089517595679
100058255179682,100089517595679
100084152666944,100089517595679
100087843673039,100089517595679
bambang.putri.798,100089517595679
100069386964226,100089517595679
100070229514247,100089517595679
edy.gusniawan.1,100089517595679
darma.w.siregarr,100089517595679
rizak.japang,100089517595679
uwo.eko.5,100089517595679
jepry.pane.1,100089517595679
monicaharra.monicaharra,ag.saputra.jr50
100053649755153,ag.saputra.jr50
100076468218017,100075583531040
100070726473115,100075583531040
ernafitriawati.erna,100075583531040
100068333153105,100075583531040
bambang.putri.798,100075583531040
100058255179682,100075583531040
syamsidar.dedek.1,100075583531040
bedolnhany.bedol,100075583531040
edy.gusniawan.1,100075583531040
siti.jonirianto,100075583531040
darma.w.siregarr,100075583531040
supri.sppinang,100075583531040
100034821754516,100075583531040
bangg.kanouelietzh,100075583531040
rizak.japang,100075583531040
100027229384880,100075583531040
dedisdedis.dedis,100075583531040
yogi.andrean.9480,100075583531040
jepry.pane.1,100075583531040
radira.radira.3,100075583531040
100006151848674,100075583531040
risya.harahap,100075583531040
100076468218017,100075583531040
100070726473115,100075583531040
ernafitriawati.erna,100075583531040
100068333153105,100075583531040
bambang.putri.798,100075583531040
100058255179682,100075583531040
syamsidar.dedek.1,100075583531040
bedolnhany.bedol,100075583531040
edy.gusniawan.1,100075583531040
siti.jonirianto,100075583531040
darma.w.siregarr,100075583531040
supri.sppinang,100075583531040
100034821754516,100075583531040
bangg.kanouelietzh,100075583531040
rizak.japang,100075583531040
100027229384880,100075583531040
dedisdedis.dedis,100075583531040
yogi.andrean.9480,100075583531040
jepry.pane.1,100075583531040
radira.radira.3,100075583531040
100006151848674,100075583531040
risya.harahap,100075583531040
rizak.japang,100081896298341
julhen.tan,100081896298341
100087409873573,100081896298341
100076468218017,100075583531040
100070726473115,100075583531040
ernafitriawati.erna,100075583531040
100068333153105,100075583531040
bambang.putri.798,100075583531040
100058255179682,100075583531040
syamsidar.dedek.1,100075583531040
bedolnhany.bedol,100075583531040
edy.gusniawan.1,100075583531040
siti.jonirianto,100075583531040
darma.w.siregarr,100075583531040
supri.sppinang,100075583531040
100034821754516,100075583531040
bangg.kanouelietzh,100075583531040
rizak.japang,100075583531040
100027229384880,100075583531040
dedisdedis.dedis,100075583531040
yogi.andrean.9480,100075583531040
jepry.pane.1,100075583531040
radira.radira.3,100075583531040
100006151848674,100075583531040
risya.harahap,100075583531040
100076468218017,100075583531040
100070726473115,100075583531040
ernafitriawati.erna,100075583531040
100068333153105,100075583531040
bambang.putri.798,100075583531040
100058255179682,100075583531040
syamsidar.dedek.1,100075583531040
bedolnhany.bedol,100075583531040
edy.gusniawan.1,100075583531040
siti.jonirianto,100075583531040
darma.w.siregarr,100075583531040
supri.sppinang,100075583531040
100034821754516,100075583531040
bangg.kanouelietzh,100075583531040
rizak.japang,100075583531040
100027229384880,100075583531040
dedisdedis.dedis,100075583531040
yogi.andrean.9480,100075583531040
jepry.pane.1,100075583531040
radira.radira.3,100075583531040
100006151848674,100075583531040
risya.harahap,100075583531040
100076468218017,100075583531040
100070726473115,100075583531040
ernafitriawati.erna,100075583531040
100068333153105,100075583531040
bambang.putri.798,100075583531040
100058255179682,100075583531040
syamsidar.dedek.1,100075583531040
bedolnhany.bedol,100075583531040
edy.gusniawan.1,100075583531040
siti.jonirianto,100075583531040
darma.w.siregarr,100075583531040
supri.sppinang,100075583531040
100034821754516,100075583531040
bangg.kanouelietzh,100075583531040
rizak.japang,100075583531040
100027229384880,100075583531040
dedisdedis.dedis,100075583531040
yogi.andrean.9480,100075583531040
jepry.pane.1,100075583531040
radira.radira.3,100075583531040
100006151848674,100075583531040
risya.harahap,100075583531040
100007415798224,100089517595679
bedolnhany.bedol,100089517595679
100076277472184,100089517595679
radira.radira.3,100089517595679
100058255179682,100089517595679
100084152666944,100089517595679
100087843673039,100089517595679
bambang.putri.798,100089517595679
100069386964226,100089517595679
100070229514247,100089517595679
edy.gusniawan.1,100089517595679
darma.w.siregarr,100089517595679
rizak.japang,100089517595679
uwo.eko.5,100089517595679
jepry.pane.1,100089517595679
100007415798224,100089517595679
bedolnhany.bedol,100089517595679
100076277472184,100089517595679
radira.radira.3,100089517595679
100058255179682,100089517595679
100084152666944,100089517595679
100087843673039,100089517595679
bambang.putri.798,100089517595679
100069386964226,100089517595679
100070229514247,100089517595679
edy.gusniawan.1,100089517595679
darma.w.siregarr,100089517595679
rizak.japang,100089517595679
uwo.eko.5,100089517595679
jepry.pane.1,100089517595679
100074135535742,100080475229943
faisalbahri.bahri.12,100080475229943
sulinem.ulin,100080475229943
dina.e.moet.1,100080475229943
100078419051487,100080475229943
100077764404055,100080475229943
100075209473510,100080475229943
100073953099870,100080475229943
evasusantihutapea.eva,100080475229943
bang.napitupulu.10,100080475229943
gio.miratana.9,100080475229943
100063942596243,100080475229943
bilqissila.bilqis.5,100080475229943
yusdiana.manurung,100080475229943
safrijal.rijal.3110,100080475229943
julhen.tan,100080475229943
rizak.japang,100080475229943
isma.hutapea.39,100080475229943
safrijal.safrijal.71216,100080475229943
dewi.nova.1441,100080475229943
zayy.zee.5,100080475229943
donita.ita.161,100080475229943
desma.omom,100080475229943
ag.saputra.jr50,dedi.wibowo.9279
100076468218017,100075583531040
100070726473115,100075583531040
ernafitriawati.erna,100075583531040
100068333153105,100075583531040
bambang.putri.798,100075583531040
100058255179682,100075583531040
syamsidar.dedek.1,100075583531040
bedolnhany.bedol,100075583531040
edy.gusniawan.1,100075583531040
siti.jonirianto,100075583531040
darma.w.siregarr,100075583531040
supri.sppinang,100075583531040
100034821754516,100075583531040
bangg.kanouelietzh,100075583531040
rizak.japang,100075583531040
100027229384880,100075583531040
dedisdedis.dedis,100075583531040
yogi.andrean.9480,100075583531040
jepry.pane.1,100075583531040
radira.radira.3,100075583531040
100006151848674,100075583531040
risya.harahap,100075583531040
100007415798224,100089517595679
bedolnhany.bedol,100089517595679
100076277472184,100089517595679
radira.radira.3,100089517595679
100058255179682,100089517595679
100084152666944,100089517595679
100087843673039,100089517595679
bambang.putri.798,100089517595679
100069386964226,100089517595679
100070229514247,100089517595679
edy.gusniawan.1,100089517595679
darma.w.siregarr,100089517595679
rizak.japang,100089517595679
uwo.eko.5,100089517595679
jepry.pane.1,100089517595679
rizak.japang,100081896298341
julhen.tan,100081896298341
100087409873573,100081896298341
100074135535742,100080475229943
faisalbahri.bahri.12,100080475229943
sulinem.ulin,100080475229943
dina.e.moet.1,100080475229943
100078419051487,100080475229943
100077764404055,100080475229943
100075209473510,100080475229943
100073953099870,100080475229943
evasusantihutapea.eva,100080475229943
bang.napitupulu.10,100080475229943
gio.miratana.9,100080475229943
100063942596243,100080475229943
bilqissila.bilqis.5,100080475229943
yusdiana.manurung,100080475229943
safrijal.rijal.3110,100080475229943
julhen.tan,100080475229943
rizak.japang,100080475229943
isma.hutapea.39,100080475229943
safrijal.safrijal.71216,100080475229943
dewi.nova.1441,100080475229943
zayy.zee.5,100080475229943
donita.ita.161,100080475229943
desma.omom,100080475229943
100076468218017,100075583531040
100070726473115,100075583531040
ernafitriawati.erna,100075583531040
100068333153105,100075583531040
bambang.putri.798,100075583531040
100058255179682,100075583531040
syamsidar.dedek.1,100075583531040
bedolnhany.bedol,100075583531040
edy.gusniawan.1,100075583531040
siti.jonirianto,100075583531040
darma.w.siregarr,100075583531040
supri.sppinang,100075583531040
100034821754516,100075583531040
bangg.kanouelietzh,100075583531040
rizak.japang,100075583531040
100027229384880,100075583531040
dedisdedis.dedis,100075583531040
yogi.andrean.9480,100075583531040
jepry.pane.1,100075583531040
radira.radira.3,100075583531040
100006151848674,100075583531040
risya.harahap,100075583531040
100076468218017,100075583531040
100070726473115,100075583531040
ernafitriawati.erna,100075583531040
100068333153105,100075583531040
bambang.putri.798,100075583531040
100058255179682,100075583531040
syamsidar.dedek.1,100075583531040
bedolnhany.bedol,100075583531040
edy.gusniawan.1,100075583531040
siti.jonirianto,100075583531040
darma.w.siregarr,100075583531040
supri.sppinang,100075583531040
100034821754516,100075583531040
bangg.kanouelietzh,100075583531040
rizak.japang,100075583531040
100027229384880,100075583531040
dedisdedis.dedis,100075583531040
yogi.andrean.9480,100075583531040
jepry.pane.1,100075583531040
radira.radira.3,100075583531040
100006151848674,100075583531040
risya.harahap,100075583531040
100076468218017,100075583531040
100070726473115,100075583531040
ernafitriawati.erna,100075583531040
100068333153105,100075583531040
bambang.putri.798,100075583531040
100058255179682,100075583531040
syamsidar.dedek.1,100075583531040
bedolnhany.bedol,100075583531040
edy.gusniawan.1,100075583531040
siti.jonirianto,100075583531040
darma.w.siregarr,100075583531040
supri.sppinang,100075583531040
100034821754516,100075583531040
bangg.kanouelietzh,100075583531040
rizak.japang,100075583531040
100027229384880,100075583531040
dedisdedis.dedis,100075583531040
yogi.andrean.9480,100075583531040
jepry.pane.1,100075583531040
radira.radira.3,100075583531040
100006151848674,100075583531040
risya.harahap,100075583531040
100076468218017,100075583531040
100070726473115,100075583531040
ernafitriawati.erna,100075583531040
100068333153105,100075583531040
bambang.putri.798,100075583531040
100058255179682,100075583531040
syamsidar.dedek.1,100075583531040
bedolnhany.bedol,100075583531040
edy.gusniawan.1,100075583531040
siti.jonirianto,100075583531040
darma.w.siregarr,100075583531040
supri.sppinang,100075583531040
100034821754516,100075583531040
bangg.kanouelietzh,100075583531040
rizak.japang,100075583531040
100027229384880,100075583531040
dedisdedis.dedis,100075583531040
yogi.andrean.9480,100075583531040
jepry.pane.1,100075583531040
radira.radira.3,100075583531040
100006151848674,100075583531040
risya.harahap,100075583531040
100076468218017,100075583531040
100070726473115,100075583531040
ernafitriawati.erna,100075583531040
100068333153105,100075583531040
bambang.putri.798,100075583531040
100058255179682,100075583531040
syamsidar.dedek.1,100075583531040
bedolnhany.bedol,100075583531040
edy.gusniawan.1,100075583531040
siti.jonirianto,100075583531040
darma.w.siregarr,100075583531040
supri.sppinang,100075583531040
100034821754516,100075583531040
bangg.kanouelietzh,100075583531040
rizak.japang,100075583531040
100027229384880,100075583531040
dedisdedis.dedis,100075583531040
yogi.andrean.9480,100075583531040
jepry.pane.1,100075583531040
radira.radira.3,100075583531040
100006151848674,100075583531040
risya.harahap,100075583531040
100007415798224,100089517595679
bedolnhany.bedol,100089517595679
100076277472184,100089517595679
radira.radira.3,100089517595679
100058255179682,100089517595679
100084152666944,100089517595679
100087843673039,100089517595679
bambang.putri.798,100089517595679
100069386964226,100089517595679
100070229514247,100089517595679
edy.gusniawan.1,100089517595679
darma.w.siregarr,100089517595679
rizak.japang,100089517595679
uwo.eko.5,100089517595679
jepry.pane.1,100089517595679
100074135535742,100080475229943
faisalbahri.bahri.12,100080475229943
sulinem.ulin,100080475229943
dina.e.moet.1,100080475229943
100078419051487,100080475229943
100077764404055,100080475229943
100075209473510,100080475229943
100073953099870,100080475229943
evasusantihutapea.eva,100080475229943
bang.napitupulu.10,100080475229943
gio.miratana.9,100080475229943
100063942596243,100080475229943
bilqissila.bilqis.5,100080475229943
yusdiana.manurung,100080475229943
safrijal.rijal.3110,100080475229943
julhen.tan,100080475229943
rizak.japang,100080475229943
isma.hutapea.39,100080475229943
safrijal.safrijal.71216,100080475229943
dewi.nova.1441,100080475229943
zayy.zee.5,100080475229943
donita.ita.161,100080475229943
desma.omom,100080475229943
100007415798224,100089517595679
bedolnhany.bedol,100089517595679
100076277472184,100089517595679
radira.radira.3,100089517595679
100058255179682,100089517595679
100084152666944,100089517595679
100087843673039,100089517595679
bambang.putri.798,100089517595679
100069386964226,100089517595679
100070229514247,100089517595679
edy.gusniawan.1,100089517595679
darma.w.siregarr,100089517595679
rizak.japang,100089517595679
uwo.eko.5,100089517595679
jepry.pane.1,100089517595679
fernandus.siagian.5,rio.naldy.96
100085941581247,rio.naldy.96
100079317817530,rio.naldy.96
100078078352972,rio.naldy.96
danny.bekend.7,rio.naldy.96
sarma.hasibuan.90,rio.naldy.96
oktavia.adelina.56,rio.naldy.96
sundari.akilahsifanah,rio.naldy.96
sahat.hasibuan.10,rio.naldy.96
rizak.japang,100089488513544
suriany.yani.3,100089488513544
rizak.japang,100085152333018
suriany.yani.3,100085152333018
100007415798224,100085152333018
100076468218017,100075583531040
100070726473115,100075583531040
ernafitriawati.erna,100075583531040
100068333153105,100075583531040
bambang.putri.798,100075583531040
100058255179682,100075583531040
syamsidar.dedek.1,100075583531040
bedolnhany.bedol,100075583531040
edy.gusniawan.1,100075583531040
siti.jonirianto,100075583531040
darma.w.siregarr,100075583531040
supri.sppinang,100075583531040
100034821754516,100075583531040
bangg.kanouelietzh,100075583531040
rizak.japang,100075583531040
100027229384880,100075583531040
dedisdedis.dedis,100075583531040
yogi.andrean.9480,100075583531040
jepry.pane.1,100075583531040
radira.radira.3,100075583531040
100006151848674,100075583531040
risya.harahap,100075583531040
100007415798224,100089517595679
bedolnhany.bedol,100089517595679
100076277472184,100089517595679
radira.radira.3,100089517595679
100058255179682,100089517595679
100084152666944,100089517595679
100087843673039,100089517595679
bambang.putri.798,100089517595679
100069386964226,100089517595679
100070229514247,100089517595679
edy.gusniawan.1,100089517595679
darma.w.siregarr,100089517595679
rizak.japang,100089517595679
uwo.eko.5,100089517595679
jepry.pane.1,100089517595679
safrijal.safrijal.71216,safrijal.rijal.3110
faisalbahri.bahri.12,safrijal.rijal.3110
100075704321863,safrijal.rijal.3110
100073953099870,safrijal.rijal.3110
100077764404055,safrijal.rijal.3110
darwinsitorus.bangtorus,safrijal.rijal.3110
dina.e.moet.1,safrijal.rijal.3110
desma.omom,safrijal.rijal.3110
100073290743866,safrijal.rijal.3110
100070367738996,safrijal.rijal.3110
100070021790218,safrijal.rijal.3110
evahutapeya.eva,safrijal.rijal.3110
100075209473510,safrijal.rijal.3110
julhen.tan,safrijal.rijal.3110
100085334845884,safrijal.rijal.3110
dewi.nova.1441,safrijal.rijal.3110
100090154244067,safrijal.rijal.3110
100089458483477,safrijal.rijal.3110
100087409873573,safrijal.rijal.3110
dewi.nova.1441,safrijal.safrijal.71216
safrijal.rijal.3110,safrijal.safrijal.71216
faisalbahri.bahri.12,safrijal.safrijal.71216
yusdiana.manurung,safrijal.safrijal.71216
100090154244067,safrijal.safrijal.71216
evasusantihutapea.eva,safrijal.safrijal.71216
jabrit.gobel,safrijal.safrijal.71216
ali.yono.1044186,safrijal.safrijal.71216
suefsuef.suefsuef,safrijal.safrijal.71216
siraja.parna.18,safrijal.safrijal.71216
donita.ita.161,safrijal.safrijal.71216
100077764404055,safrijal.safrijal.71216
100087409873573,safrijal.safrijal.71216
100085334845884,safrijal.safrijal.71216
100081077017277,safrijal.safrijal.71216
100080475229943,safrijal.safrijal.71216
100076455134182,safrijal.safrijal.71216
100071735144971,safrijal.safrijal.71216
sukimin.min.14019,safrijal.safrijal.71216
labura.k.hebat,safrijal.safrijal.71216
100053550765567,safrijal.safrijal.71216
100048960557089,safrijal.safrijal.71216
kakekazka.kakekazka,safrijal.safrijal.71216
100045391128751,safrijal.safrijal.71216
damri.purba.12,safrijal.safrijal.71216
evahutapeya.eva,safrijal.safrijal.71216
darwin.sitorus.395,safrijal.safrijal.71216
rizak.japang,safrijal.safrijal.71216
isma.hutapea.39,safrijal.safrijal.71216
dea.aryani.904,safrijal.safrijal.71216
100016167096595,safrijal.safrijal.71216
agusciesulung.sulung,safrijal.safrijal.71216
desma.omom,safrijal.safrijal.71216
faisalbahri.bahri.12,100077764404055
100090154244067,100077764404055
100070367738996,100077764404055
100075704321863,100077764404055
100074135535742,100077764404055
dewi.nova.1441,100077764404055
desma.omom,100077764404055
100075209473510,100077764404055
100079686950964,100077764404055
bilqissila.bilqis.5,100077764404055
100078419051487,100077764404055
100073953099870,100077764404055
safrijal.rijal.3110,100077764404055
safrijal.safrijal.71216,100077764404055
donita.ita.161,100077764404055
100085334845884,100077764404055
100082421832703,100077764404055
100081077017277,100077764404055
100080475229943,100077764404055
arifin.y.gultom,sahat.hasibuan.10
warensius.sinaga.9,sahat.hasibuan.10
perdi.sianturi.14,sahat.hasibuan.10
dini.silaen.18,sahat.hasibuan.10
bangg.kanouelietzh,sahat.hasibuan.10
rizak.japang,sahat.hasibuan.10
rizak.japang,sahat.pakpahan.376
sahrial.sirait.94,sahat.pakpahan.376
bambang.agusworo,sahat.pakpahan.376
parna.cuy,sahat.pakpahan.376
safarudin.chaniago.9,sahat.pakpahan.376
ferypadly.pane,sahat.pakpahan.376
hendrasaor.tobing,sahat.pakpahan.376
libra.simarmata.7,sahat.pakpahan.376
lika.yusnanda,sahat.pakpahan.376
marhite.naibaho,sahat.pakpahan.376
dina.e.moet.1,sahat.pakpahan.376
monicaharra.monicaharra,venayuniken.venayuniken
100078078352972,sahfrijal.damanik
100076468218017,sahfrijal.damanik
boos.grub,sahfrijal.damanik
masjid.muawwanah,sahfrijal.damanik
bedolnhany.bedol,sahfrijal.damanik
defryindry.indry,sahrial.sirait.94
samsona.samsona.58,sahrial.sirait.94
dina.e.moet.1,sahrial.sirait.94
alim.abr.5,sahrial.sirait.94
hofson.sianipar.1,sahrial.sirait.94
bambang.putri.798,sahrial.sirait.94
100075774222735,sahrial.sirait.94
100069386964226,sahrial.sirait.94
iwandri.iwandri.7509,sahrial.sirait.94
ucpenakluk.ucpenakluk,sahrial.sirait.94
hotmarisi.hutabarat.3,sahrial.sirait.94
bembeng.ayamikha,sahrial.sirait.94
iwan.dri.568,sahrial.sirait.94
rizak.japang,sahrial.sirait.94
andeska.andeska.921,sahrial.sirait.94
100030651203875,sahrial.sirait.94
sahat.pakpahan.376,sahrial.sirait.94
apuokregar.apuokregar,sahrial.sirait.94
100085378195670,100025097896139
100084152666944,100025097896139
anksiguda.sembiring,100025097896139
rizak.japang,100025097896139
100030948439158,100025097896139
sahat.hasibuan.10,sampang.marbun.92
evan.adventry,sampang.marbun.92
iwandri.iwandri.7509,samsona.samsona.58
defryindry.indry,samsona.samsona.58
dina.e.moet.1,samsona.samsona.58
mbak.sri.5243817,samsona.samsona.58
darma.w.siregarr,samsona.samsona.58
sahrial.sirait.94,samsona.samsona.58
suriany.yani.3,samsona.samsona.58
100069386964226,samsona.samsona.58
sukimin.min.14019,sanimen.sanimen.33
jabrit.gobel,sanimen.sanimen.33
ali.yono.1044186,sanimen.sanimen.33
100053550765567,sanimen.sanimen.33
yusdiana.manurung,sanimen.sanimen.33
100048960557089,sanimen.sanimen.33
sautsiahaan.sautsiahaan.96,sanimen.sanimen.33
andro.a.syah.7,sanimen.sanimen.33
amri.praza,sanimen.sanimen.33
rizak.japang,sanimen.sanimen.33
jepry.pane.1,100072227381034
suprianto.pane.3,100072227381034
100073312233911,100072227381034
100069386964226,100072227381034
syamsidar.dedek.1,100072227381034
sahat.hasibuan.10,100072227381034
kanou.puetrakaleem,100072227381034
irfann.mansurr,100072227381034
bangg.kanouelietzh,100072227381034
sunarji.sunarji.169405,100072227381034
rizak.japang,100072227381034
rezah1997,100072227381034
dedisdedis.dedis,100072227381034
ayu.azari.961,100072227381034
safarudin.chaniago.9,100072227381034
100007415798224,100072227381034
alinpane.alinpane,100088068566698
100063942596243,100088068566698
100073313500186,100088068566698
gio.miratana.9,100088068566698
sahat.hasibuan.10,sarma.hasibuan.90
100069386964226,sarma.hasibuan.90
dian.wardahna,sarma.hasibuan.90
oktavia.adelina.56,sarma.hasibuan.90
bambang.putri.798,sarma.hasibuan.90
nelson.nababan.965,sarma.hasibuan.90
100053584963235,sarma.hasibuan.90
100076559285014,100073080967643
100076227713024,100073080967643
100075341432508,100073080967643
100070056503857,100073080967643
bambang.putri.798,100073080967643
syamsidar.dedek.1,100073080967643
sahat.hasibuan.10,100073080967643
perdi.sianturi.14,100073080967643
hotmarisi.hutabarat.3,100073080967643
rizak.japang,100073080967643
dedisdedis.dedis,100073080967643
fernandus.siagian.5,100073080967643
hendrasaor.tobing,100073080967643
libra.simarmata.7,100073080967643
ulfadianty.pasaribu,100073080967643
bilqissila.bilqis.5,sartine.enggel
sriono.sriono.505523,sartine.enggel
evahutapeya.eva,sartine.enggel
rizak.japang,sartine.enggel
100032030301691,sartine.enggel
faisalbahri.bahri.12,sartine.enggel
donita.ita.161,sartine.enggel
desma.omom,sartine.enggel
julhen.tan,100070321208826
sulinem.ulin,100070321208826
zayy.zee.5,100070321208826
100057299797461,100070321208826
100076455134182,100070321208826
evasusantihutapea.eva,100070321208826
gio.miratana.9,100070321208826
sukimin.min.14019,100070321208826
alwi.andika.397,100070321208826
jabrit.gobel,sautsiahaan.sautsiahaan.96
darwinsitorus.bangtorus,sautsiahaan.sautsiahaan.96
yusdiana.manurung,sautsiahaan.sautsiahaan.96
dian.siahaan.5661,sautsiahaan.sautsiahaan.96
diamond.sitorus.7,sautsiahaan.sautsiahaan.96
julhen.tan,sautsiahaan.sautsiahaan.96
100034232165939,sautsiahaan.sautsiahaan.96
darwin.sitorus.395,sautsiahaan.sautsiahaan.96
rizak.japang,sautsiahaan.sautsiahaan.96
suefsuef.suefsuef,sautsiahaan.sautsiahaan.96
darma.bakti.3576,sautsiahaan.sautsiahaan.96
sanimen.sanimen.33,sautsiahaan.sautsiahaan.96
dea.aryani.904,sautsiahaan.sautsiahaan.96
bertus.pardosi,sautsiahaan.sautsiahaan.96
sulinem.ulin,sautsiahaan.sautsiahaan.96
zayy.zee.5,sautsiahaan.sautsiahaan.96
sriono.ono.754,sautsiahaan.sautsiahaan.96
gio.miratana,sautsiahaan.sautsiahaan.96
awalluddin.sitoruspane,sautsiahaan.sautsiahaan.96
oktavia.adelina.56,100085941581247
arifin.y.gultom,100085941581247
rio.naldy.96,100085941581247
hotmarisi.hutabarat.3,100085941581247
darmadi.chanigho,100085941581247
100076559285014,100085941581247
100084152666944,100085941581247
rizak.japang,100069644490770
lika.yusnanda,100041981416762
defryindry.indry,100041981416762
arifin.y.gultom,100041981416762
alwi.andika.397,100041981416762
sundari.akilahsifanah,100041981416762
dina.e.moet.1,100041981416762
100088511294114,100041981416762
darwinsitorus.bangtorus,100073414450043
rizak.japang,100073414450043
zayy.zee.5,100073414450043
anksiguda.sembiring,parna.cuy
nuramira.nuramira.50552,parna.cuy
sucie.wahyudipribadi,parna.cuy
rizak.japang,parna.cuy
100030651203875,parna.cuy
sahat.pakpahan.376,parna.cuy
defryindry.indry,parna.cuy
bambang.agusworo,parna.cuy
warensius.sinaga.9,sinaga.sahat.37
perdi.sianturi.14,sinaga.sahat.37
bangg.kanouelietzh,sinaga.sahat.37
rizak.japang,sinaga.sahat.37
uwo.azwar,sinaga.sahat.37
fauzia.maharani.92,sinaga.sahat.37
evan.adventry,sinaga.sahat.37
jabrit.gobel,siraja.parna.18
safrijal.safrijal.71216,siraja.parna.18
zayy.zee.5,siraja.parna.18
faisalbahri.bahri.12,siraja.parna.18
100053550765567,siraja.parna.18
100084152666944,siti.jonirianto
anksiguda.sembiring,siti.jonirianto
100059259618034,siti.jonirianto
darma.w.siregarr,siti.jonirianto
100078196651009,siti.jonirianto
hasril.hasril.777,siti.jonirianto
100036783193836,siti.jonirianto
safarudin.chaniago.9,siti.jonirianto
suriany.yani.3,siti.jonirianto
100070726473115,siti.jonirianto
100007415798224,siti.jonirianto
100077170983219,siti.jonirianto
100075583531040,siti.jonirianto
ernafitriawati.erna,siti.jonirianto
irfann.mansurr,siti.jonirianto
syamsul.hasibuan.35,siti.jonirianto
100006151848674,siti.jonirianto
yudikurniawan.kurniawan.3348,sitijoni.rianto.7
100059259618034,sitijoni.rianto.7
edyputra.edyputra.547,sitijoni.rianto.7
irfann.mansurr,sitijoni.rianto.7
anksiguda.sembiring,sitijoni.rianto.7
ayu.azari.961,sitijoni.rianto.7
100063556446250,sitijoni.rianto.7
bambang.putri.798,sitijoni.rianto.7
masjid.muawwanah,sitijoni.rianto.7
bedolnhany.bedol,sitijoni.rianto.7
edy.gusniawan.1,sitijoni.rianto.7
juwitajuwita.juwitajuwita.524,sitijoni.rianto.7
irfann.mansurr,sivajuwit.sivajuwita
darma.w.siregarr,sivajuwit.sivajuwita
100034821754516,sivajuwit.sivajuwita
bangg.kanouelietzh,sivajuwit.sivajuwita
bembeng.ayamikha,sivajuwit.sivajuwita
sahfrijal.damanik,sivajuwit.sivajuwita
fery.marcel.7,sivajuwit.sivajuwita
vikri.nex,sivajuwit.sivajuwita
rizak.japang,sivajuwit.sivajuwita
100030948439158,sivajuwit.sivajuwita
bang.muda.35380,sivajuwit.sivajuwita
suriany.yani.3,sivajuwit.sivajuwita
dedisdedis.dedis,sivajuwit.sivajuwita
yudy.setiawan.773,sivajuwit.sivajuwita
yogi.andrean.9480,sivajuwit.sivajuwita
fauzia.maharani.92,sivajuwit.sivajuwita
eni.darmayani.98,sivajuwit.sivajuwita
ayu.azari.961,sivajuwit.sivajuwita
suprianto.pane.3,sivajuwit.sivajuwita
jepry.pane.1,sivajuwit.sivajuwita
papi.alfha,sivajuwit.sivajuwita
radira.radira.3,sivajuwit.sivajuwita
100007415798224,sivajuwit.sivajuwita
lika.yusnanda,sivajuwit.sivajuwita
risya.harahap,sivajuwit.sivajuwita
dina.e.moet.1,sivajuwit.sivajuwita
rizak.japang,slay.lay.1422
rizak.japang,slay.lay.3979
rizak.japang,soja.nolo.37
sankar.mable,soja.nolo.37
100076227713024,100079317817530
sahat.hasibuan.10,100079317817530
arifin.y.gultom,100079317817530
100086645817243,100079317817530
100085941581247,100079317817530
mege.gi.9,100079317817530
marhite.naibaho,100079317817530
100087409873573,100079317817530
rio.naldy.96,100079317817530
suprianto.pane.3,100079317817530
rizak.japang,100079317817530
edseptian,100079317817530
oktavia.adelina.56,100079317817530
100075341432508,100079317817530
100070726473115,100079317817530
100070229514247,100079317817530
100069386964226,100079317817530
warensius.sinaga.9,100079317817530
evan.adventry,100079317817530
andiko.marbun.98,100079317817530
fernandus.siagian.5,100079317817530
winson.gultom.90,100079317817530
100053550765567,100016167096595
kakekazka.kakekazka,100016167096595
evahutapeya.eva,100016167096595
rizak.japang,100016167096595
isma.hutapea.39,100016167096595
100027879224586,100016167096595
safrijal.safrijal.71216,100016167096595
dewi.nova.1441,100016167096595
sulinem.ulin,100016167096595
gio.miratana,100016167096595
evasusantihutapea.eva,100071735144971
bang.napitupulu.10,100071735144971
lufi.natasya,100071735144971
yusdiana.manurung,100071735144971
safrijal.rijal.3110,100071735144971
kakekazka.kakekazka,100071735144971
100045391128751,100071735144971
julhen.tan,100071735144971
rizak.japang,100071735144971
suefsuef.suefsuef,100071735144971
darma.bakti.3576,100071735144971
100027879224586,100071735144971
safrijal.safrijal.71216,100071735144971
sulinem.ulin,100071735144971
sriono.ono.754,100071735144971
100006857892194,100071735144971
donita.ita.161,100071735144971
desma.omom,100071735144971
evahutapeya.eva,100053550765567
darwinsitorus.bangtorus,100053550765567
jabrit.gobel,100053550765567
rizak.japang,100053550765567
safrijal.safrijal.71216,100053550765567
sukimin.min.14019,100053550765567
sulinem.ulin,100053550765567
alwi.andika.397,100053550765567
lufi.natasya,100053550765567
100016167096595,100053550765567
diamond.sitorus.7,100053550765567
julhen.tan,100053550765567
darwin.sitorus.395,100053550765567
long.katua,100053550765567
100070367738996,100053550765567
100070321208826,100053550765567
bang.napitupulu.10,100053550765567
barlang.caffe,100053550765567
sundari.akilahsifanah,100053550765567
ali.yono.1044186,100053550765567
bilqissila.bilqis.5,100053550765567
sriono.ono.754,sriono.sriono.505523
rizak.japang,sriono.sriono.505523
100079686950964,sriono.sriono.505523
100083049185990,sriono.sriono.505523
100076455134182,sriono.sriono.505523
100074135535742,sriono.sriono.505523
100073290743866,sriono.sriono.505523
100070367738996,sriono.sriono.505523
mozezprienbaster.mozezprienbaster,sriono.sriono.505523
jabrit.gobel,sriono.sriono.505523
darwinsitorus.bangtorus,sriono.sriono.505523
yusdiana.manurung,sriono.sriono.505523
sartine.enggel,sriono.sriono.505523
rizak.japang,sucie.wahyudipribadi
100030948439158,sucie.wahyudipribadi
100030651203875,sucie.wahyudipribadi
defryindry.indry,sucie.wahyudipribadi
suriany.yani.3,sucie.wahyudipribadi
bambang.agusworo,sucie.wahyudipribadi
uwo.eko.5,sucie.wahyudipribadi
andiko.marbun.98,sucie.wahyudipribadi
parna.cuy,sucie.wahyudipribadi
jepry.pane.1,sucie.wahyudipribadi
gozali.draghsters,sucie.wahyudipribadi
100004844985834,sucie.wahyudipribadi
bangg.kanouelietzh,nuramira.nuramira.50552
kanou.puetrakaleem,nuramira.nuramira.50552
100070321208826,suefsuef.suefsuef
safrijal.safrijal.71216,suefsuef.suefsuef
zayy.zee.5,suefsuef.suefsuef
sriono.ono.754,suefsuef.suefsuef
100087409873573,suefsuef.suefsuef
100085334845884,suefsuef.suefsuef
100081077017277,suefsuef.suefsuef
100078419051487,suefsuef.suefsuef
100076455134182,suefsuef.suefsuef
100073953099870,suefsuef.suefsuef
100073313500186,suefsuef.suefsuef
100073290743866,suefsuef.suefsuef
100071735144971,suefsuef.suefsuef
jtk.jtk.7161,suefsuef.suefsuef
100070367738996,suefsuef.suefsuef
100070021790218,suefsuef.suefsuef
evasusantihutapea.eva,suefsuef.suefsuef
bang.napitupulu.10,suefsuef.suefsuef
mozezprienbaster.mozezprienbaster,suefsuef.suefsuef
jabrit.gobel,suefsuef.suefsuef
100053550765567,suefsuef.suefsuef
yusdiana.manurung,suefsuef.suefsuef
100048960557089,suefsuef.suefsuef
safrijal.rijal.3110,suefsuef.suefsuef
kakekazka.kakekazka,suefsuef.suefsuef
diamond.sitorus.7,suefsuef.suefsuef
100045391128751,suefsuef.suefsuef
julhen.tan,suefsuef.suefsuef
sautsiahaan.sautsiahaan.96,suefsuef.suefsuef
damri.purba.12,suefsuef.suefsuef
andro.a.syah.7,suefsuef.suefsuef
amri.praza,suefsuef.suefsuef
amri.praza,suefsuef.suefsuef.5
long.katua,suefsuef.suefsuef.5
rizak.japang,suefsuef.suefsuef.5
isma.hutapea.39,suefsuef.suefsuef.5
siraja.parna.18,suefsuef.suefsuef.5
faisalbahri.bahri.12,suefsuef.suefsuef.5
bertus.pardosi,suefsuef.suefsuef.5
sulinem.ulin,suefsuef.suefsuef.5
zayy.zee.5,suefsuef.suefsuef.5
gio.miratana,suefsuef.suefsuef.5
agusciesulung.sulung,suefsuef.suefsuef.5
bilqissila.bilqis.5,100032030301691
100053550765567,100032030301691
100048960557089,100032030301691
100045391128751,100032030301691
sartine.enggel,100032030301691
damri.purba.12,100032030301691
100034678343486,100032030301691
andro.a.syah.7,100032030301691
rizak.japang,100032030301691
suefsuef.suefsuef,100032030301691
faisalbahri.bahri.12,100032030301691
zayy.zee.5,100032030301691
sriono.ono.754,100032030301691
agusciesulung.sulung,100032030301691
donita.ita.161,100032030301691
100070726473115,100085378195670
100084152666944,100085378195670
suriany.yani.3,100085378195670
hotmarisi.hutabarat.3,100085378195670
100084706526080,100085378195670
rizak.japang,100085378195670
100025097896139,100085378195670
barlang.caffe,dea.aryani.904
100053550765567,dea.aryani.904
yusdiana.manurung,dea.aryani.904
100048960557089,dea.aryani.904
kakekazka.kakekazka,dea.aryani.904
100045391128751,dea.aryani.904
sautsiahaan.sautsiahaan.96,dea.aryani.904
evahutapeya.eva,dea.aryani.904
rizak.japang,dea.aryani.904
isma.hutapea.39,dea.aryani.904
safrijal.safrijal.71216,dea.aryani.904
dewi.nova.1441,dea.aryani.904
alinpane.alinpane,dea.aryani.904
sulinem.ulin,dea.aryani.904
zul.marpaung.77,sukimin.min.14019
sriono.ono.754,sukimin.min.14019
darwinsitorus.bangtorus,sukimin.min.14019
100070321208826,sukimin.min.14019
100090154244067,sukimin.min.14019
100079686950964,sukimin.min.14019
100073953099870,sukimin.min.14019
100073290743866,sukimin.min.14019
100070367738996,sukimin.min.14019
evasusantihutapea.eva,sukimin.min.14019
bang.napitupulu.10,sukimin.min.14019
barlang.caffe,sukimin.min.14019
bilqissila.bilqis.5,sukimin.min.14019
100053550765567,sukimin.min.14019
yusdiana.manurung,sukimin.min.14019
safrijal.rijal.3110,sukimin.min.14019
kakekazka.kakekazka,sukimin.min.14019
diamond.sitorus.7,sukimin.min.14019
100045391128751,sukimin.min.14019
evahutapeya.eva,sukimin.min.14019
rizak.japang,sukimin.min.14019
isma.hutapea.39,sukimin.min.14019
sanimen.sanimen.33,sukimin.min.14019
safrijal.safrijal.71216,sukimin.min.14019
dewi.nova.1441,sukimin.min.14019
alinpane.alinpane,sukimin.min.14019
donita.ita.161,sukimin.min.14019
muhammad.c.harahap.7,100053000375386
100006857892194,100053000375386
100090603672325,100053000375386
uwo.eko.5,sunarji.sunarji.169405
100070726473115,sunarji.sunarji.169405
masjid.muawwanah,sunarji.sunarji.169405
iwan.dri.568,sunarji.sunarji.169405
bembeng.ayamikha,sunarji.sunarji.169405
rizak.japang,sunarji.sunarji.169405
ferypadly.pane,sunarji.sunarji.169405
100077170983219,sunarji.sunarji.169405
100075774222735,sunarji.sunarji.169405
100072227381034,sunarji.sunarji.169405
iwandri.iwandri.7509,sunarji.sunarji.169405
bambang.putri.798,sunarji.sunarji.169405
100058255179682,sunarji.sunarji.169405
100058046343572,sunarji.sunarji.169405
lika.yusnanda,sundari.akilahsifanah
100035284971900,sundari.akilahsifanah
alinpane.alinpane,sundari.akilahsifanah
100004844985834,sundari.akilahsifanah
100041981416762,sundari.akilahsifanah
darma.w.siregarr,sundari.akilahsifanah
dina.e.moet.1,sundari.akilahsifanah
100088511294114,sundari.akilahsifanah
100075704321863,100078419051487
100077764404055,100078419051487
100076455134182,100078419051487
rizak.japang,100078419051487
bambang.putri.798,100089142940561
100058255179682,100089142940561
bedolnhany.bedol,100089142940561
darma.w.siregarr,100089142940561
rizak.japang,100089142940561
defryindry.indry,100089142940561
suriany.yani.3,100089142940561
100007415798224,100089142940561
bangg.kanouelietzh,supri.sppinang
suriany.yani.3,supri.sppinang
100007415798224,supri.sppinang
rizak.japang,supri.sppinang
100030948439158,supri.sppinang
irfann.mansurr,supri.sppinang
100035091545794,supri.sppinang
100087409873573,supri.sppinang
100084706526080,supri.sppinang
100083209870319,supri.sppinang
100082307914559,supri.sppinang
100078345064202,supri.sppinang
100077170983219,supri.sppinang
100076468218017,supri.sppinang
100075991920504,supri.sppinang
100075583531040,supri.sppinang
100070726473115,supri.sppinang
100070229514247,supri.sppinang
100069386964226,supri.sppinang
100069198804539,supri.sppinang
yoko.youngkir,supri.sppinang
dian.wardahna,supri.sppinang
bambang.putri.798,supri.sppinang
100058255179682,supri.sppinang
syamsidar.dedek.1,supri.sppinang
bedolnhany.bedol,supri.sppinang
edy.gusniawan.1,supri.sppinang
alim.abr.5,supri.sppinang
juwitajuwita.juwitajuwita.524,supri.sppinang
100053584963235,supri.sppinang
jefri.s.darma.3,supri.sppinang
ucpenakluk.ucpenakluk,supri.sppinang
hotmarisi.hutabarat.3,supri.sppinang
siti.jonirianto,supri.sppinang
100039913328931,supri.sppinang
kanou.puetrakaleem,supri.sppinang
100034821754516,supri.sppinang
bembeng.ayamikha,supri.sppinang
sahfrijal.damanik,supri.sppinang
sunarji.sunarji.169405,supri.sppinang
fery.marcel.7,supri.sppinang
100030651203875,supri.sppinang
uwo.azwar,supri.sppinang
defryindry.indry,supri.sppinang
hasril.hasril.777,supri.sppinang
yudy.setiawan.773,supri.sppinang
uwo.eko.5,supri.sppinang
yogi.andrean.9480,supri.sppinang
fortuner.fortun.12,supri.sppinang
ferypadly.pane,supri.sppinang
dicky.suhendro.9,supri.sppinang
jepry.pane.1,supri.sppinang
papi.alfha,supri.sppinang
hofson.sianipar.1,supri.sppinang
100006151848674,supri.sppinang
dian.brandals.35,supri.sppinang
endri.zal.75,supri.sppinang
100076455134182,100034232165939
100073313500186,100034232165939
bang.napitupulu.10,100034232165939
alwi.andika.397,100034232165939
darwinsitorus.bangtorus,100034232165939
labura.k.hebat,100034232165939
100053550765567,100034232165939
100053000375386,100034232165939
100048960557089,100034232165939
julhen.tan,100034232165939
100084706526080,100078345064202
100070726473115,100078345064202
100070665161956,100078345064202
ernafitriawati.erna,100078345064202
amriadi.panjaitan,100078345064202
ffizon.ffizon,100078345064202
supri.sppinang,100078345064202
rizak.japang,100078345064202
uwo.eko.5,100078345064202
yogi.andrean.9480,100078345064202
darma.w.siregarr,suriany.yani.3
defryindry.indry,suriany.yani.3
anksiguda.sembiring,suriany.yani.3
dina.e.moet.1,suriany.yani.3
100085378195670,suriany.yani.3
100084152666944,suriany.yani.3
100085941581247,suriany.yani.3
100070726473115,suriany.yani.3
hotmarisi.hutabarat.3,suriany.yani.3
samsona.samsona.58,suriany.yani.3
bedolnhany.bedol,suriany.yani.3
azwar.kabun,suriany.yani.3
lika.yusnanda,suriany.yani.3
sunarji.sunarji.169405,suriany.yani.3
siti.jonirianto,suriany.yani.3
100059259618034,suriany.yani.3
bedolnhany.bedol,100007415798224
100039695592012,100007415798224
100058255179682,100007415798224
hofson.sianipar.1,100007415798224
100070726473115,100007415798224
azwar.kabun,100007415798224
siti.jonirianto,100007415798224
bambang.putri.798,100007415798224
100084152666944,100007415798224
100069386964226,100007415798224
100090265117394,100007415798224
100089517595679,100007415798224
100089142940561,100007415798224
100087843673039,100007415798224
100087409873573,100007415798224
100085152333018,100007415798224
rizak.japang,sanciie.cucurut
asna.rudika,sanciie.cucurut
100077764404055,100079686950964
faisalbahri.bahri.12,100079686950964
100070367738996,100079686950964
100087409873573,100079686950964
100073290743866,100079686950964
sukimin.min.14019,100079686950964
bilqissila.bilqis.5,100079686950964
sriono.sriono.505523,100079686950964
rizak.japang,100079686950964
sriono.ono.754,100079686950964
100088511294114,100070665161956
100084706526080,100070665161956
100078345064202,100070665161956
rizak.japang,100070665161956
fortuner.fortun.12,100070665161956
100006151848674,100070665161956
dina.e.moet.1,100087409873573
donita.ita.161,100087409873573
100090265117394,100087409873573
100089661227429,100087409873573
100088511294114,100087409873573
100087843673039,100087409873573
100085334845884,100087409873573
100084706526080,100087409873573
100084152666944,100087409873573
100082307914559,100087409873573
100081896298341,100087409873573
100079686950964,100087409873573
100079317817530,100087409873573
100076931183266,100087409873573
100076468218017,100087409873573
100076455134182,100087409873573
100076277472184,100087409873573
100074135535742,100087409873573
100074020743424,100087409873573
100073953099870,100087409873573
100070726473115,100087409873573
100070229514247,100087409873573
100069386964226,100087409873573
100068333153105,100087409873573
gio.miratana.9,100087409873573
ferdina.zen,100087409873573
iwandri.iwandri.7509,100087409873573
oktavia.adelina.56,100087409873573
alwi.andika.397,100087409873573
100058255179682,100087409873573
100058046343572,100087409873573
cakmin.harahap.1,100087409873573
amriadi.panjaitan,100087409873573
darwis.siahaan.524,100087409873573
bedolnhany.bedol,100087409873573
bilqissila.bilqis.5,100087409873573
edy.gusniawan.1,100087409873573
100053808953139,100087409873573
safrijal.rijal.3110,100087409873573
kakekazka.kakekazka,100087409873573
julhen.tan,100087409873573
arifin.y.gultom,100087409873573
irfann.mansurr,100087409873573
darma.w.siregarr,100087409873573
supri.sppinang,100087409873573
100034678343486,100087409873573
bangg.kanouelietzh,100087409873573
rizak.japang,100087409873573
suefsuef.suefsuef,100087409873573
muhammad.c.harahap.7,100087409873573
defryindry.indry,100087409873573
suriany.yani.3,100087409873573
safrijal.safrijal.71216,100087409873573
dewi.nova.1441,100087409873573
faisalbahri.bahri.12,100087409873573
sulinem.ulin,100087409873573
suprianto.pane.3,100087409873573
zayy.zee.5,100087409873573
dicky.suhendro.9,100087409873573
jepry.pane.1,100087409873573
mege.gi.9,100087409873573
100007415798224,100087409873573
dedi.doank.5243,100087409873573
amrie.ritonga,100087409873573
rredwin1,100087409873573
100087409873573,100082307914559
supri.sppinang,100082307914559
rizak.japang,100082307914559
suprianto.pane.3,syamsidar.dedek.1
bedolnhany.bedol,syamsidar.dedek.1
100076468218017,syamsidar.dedek.1
100075991920504,syamsidar.dedek.1
100075583531040,syamsidar.dedek.1
100073312233911,syamsidar.dedek.1
100073080967643,syamsidar.dedek.1
100072227381034,syamsidar.dedek.1
100069386964226,syamsidar.dedek.1
100061686106392,syamsidar.dedek.1
juwitajuwita.juwitajuwita.524,syamsidar.dedek.1
ferdi.zen.3,syamsidar.dedek.1
supri.sppinang,syamsidar.dedek.1
rizak.japang,syamsidar.dedek.1
ferypadly.pane,syamsidar.dedek.1
jepry.pane.1,syamsidar.dedek.1
ulfadianty.pasaribu,tahandar.pardede
100085941581247,tahandar.pardede
100073635041649,tiara.afriza.716
edy.gusniawan.1,tiara.afriza.716
siti.jonirianto,tiara.afriza.716
100074020743424,tiara.afriza.716
100069386964226,tiara.afriza.716
100068333153105,tiara.afriza.716
dian.wardahna,tiara.afriza.716
bedolnhany.bedol,tiara.afriza.716
100047019187609,tiara.afriza.716
jefri.s.darma.3,tiara.afriza.716
ucpenakluk.ucpenakluk,tiara.afriza.716
100039913328931,tiara.afriza.716
kanou.puetrakaleem,tiara.afriza.716
irfann.mansurr,tiara.afriza.716
darma.w.siregarr,tiara.afriza.716
100034821754516,tiara.afriza.716
bangg.kanouelietzh,tiara.afriza.716
rizak.japang,tiara.afriza.716
ferypadly.pane,tiara.afriza.716
jepry.pane.1,tiara.afriza.716
azwar.kabun,tiara.afriza.716
100006151848674,tiara.afriza.716
dian.brandals.35,tiara.afriza.716
100087409873573,100074020743424
100085941581247,ulfadianty.pasaribu
100076227713024,ulfadianty.pasaribu
100073080967643,ulfadianty.pasaribu
100067755333373,ulfadianty.pasaribu
sarma.hasibuan.90,ulfadianty.pasaribu
oktavia.adelina.56,ulfadianty.pasaribu
100060689464268,ulfadianty.pasaribu
100053584963235,ulfadianty.pasaribu
boos.grub,ulfa.erikson
sahat.hasibuan.10,ulfa.erikson
rizak.japang,ulfa.erikson
100075704321863,100089458483477
safrijal.rijal.3110,100089458483477
rizak.japang,100089458483477
evahutapeya.eva,100053550765567
darwinsitorus.bangtorus,100053550765567
jabrit.gobel,100053550765567
rizak.japang,100053550765567
safrijal.safrijal.71216,100053550765567
sukimin.min.14019,100053550765567
sulinem.ulin,100053550765567
alwi.andika.397,100053550765567
lufi.natasya,100053550765567
supri.sppinang,uwo.azwar
100035091545794,uwo.azwar
sunarji.sunarji.169405,uwo.azwar
fery.marcel.7,uwo.azwar
rizak.japang,uwo.azwar
andeska.andeska.921,uwo.azwar
100030948439158,uwo.azwar
hasril.hasril.777,uwo.azwar
100085941581247,uwo.eko.5
100087409873573,uwo.eko.5
siti.jonirianto,uwo.eko.5
100070726473115,uwo.eko.5
100070114785141,uwo.eko.5
bambang.putri.798,uwo.eko.5
ferdi.zen.3,uwo.eko.5
bedolnhany.bedol,uwo.eko.5
amriadi.panjaitan,uwo.eko.5
ffizon.ffizon,uwo.eko.5
alim.abr.5,uwo.eko.5
100055530064155,vikri.nex
bedolnhany.bedol,vikri.nex
edy.gusniawan.1,vikri.nex
100053584963235,vikri.nex
jefri.s.darma.3,vikri.nex
arifin.y.gultom,vikri.nex
irfann.mansurr,vikri.nex
darma.w.siregarr,vikri.nex
sivajuwit.sivajuwita,vikri.nex
bangg.kanouelietzh,vikri.nex
fery.marcel.7,vikri.nex
rizak.japang,vikri.nex
100030948439158,vikri.nex
defryindry.indry,vikri.nex
yudy.setiawan.773,vikri.nex
yogi.andrean.9480,vikri.nex
eni.darmayani.98,vikri.nex
ayu.azari.961,vikri.nex
jihan.abenk.1,vikri.nex
andiko.marbun.98,vikri.nex
ferypadly.pane,vikri.nex
suprianto.pane.3,vikri.nex
jepry.pane.1,vikri.nex
radira.radira.3,vikri.nex
100007415798224,vikri.nex
winson.gultom.90,vikri.nex
cuki.ahha,vikri.nex
rio.naldy.96,vikri.nex
rizak.japang,vincent.narvasa.94
100088511294114,100084706526080
100087409873573,100084706526080
100085378195670,100084706526080
100078345064202,100084706526080
100075774222735,100084706526080
100070726473115,100084706526080
100070665161956,100084706526080
amriadi.panjaitan,100084706526080
supri.sppinang,100084706526080
rizak.japang,100084706526080
fortuner.fortun.12,100084706526080
100015426643029,100084706526080
100006151848674,100084706526080
zayy.zee.5,100083049185990
100070367738996,100083049185990
sriono.sriono.505523,100083049185990
rizak.japang,100083049185990
sundari.akilahsifanah,100035284971900
alinpane.alinpane,100035284971900
darwin.sitorus.395,100035284971900
long.katua,100035284971900
100070321208826,100035284971900
bang.napitupulu.10,100035284971900
darwinsitorus.bangtorus,100035284971900
julhen.tan,100035284971900
rizak.japang,100035284971900
bambang.putri.798,100083209870319
100058255179682,100083209870319
bedolnhany.bedol,100083209870319
edy.gusniawan.1,100083209870319
darma.w.siregarr,100083209870319
supri.sppinang,100083209870319
100035091545794,100083209870319
rizak.japang,100083209870319
suriany.yani.3,100083209870319
100027229384880,100083209870319
100006151848674,100083209870319
rizak.japang,100029788273805
100030651203875,100029788273805
defryindry.indry,100029788273805
bambang.agusworo,100029788273805
asna.rudika,100029788273805
100006857892194,wildaniSrg
100073325965054,wildaniSrg
100095036076915,lufi.natasya
100092478135976,lufi.natasya
marhite.naibaho,winson.gultom.90
ferdina.zen,winson.gultom.90
arifin.y.gultom,winson.gultom.90
100085941581247,winson.gultom.90
darmadi.chanigho,winson.gultom.90
100075774222735,winson.gultom.90
100086645817243,winson.gultom.90
100079317817530,winson.gultom.90
100078078352972,winson.gultom.90
100076227713024,winson.gultom.90
100073635041649,winson.gultom.90
100070726473115,winson.gultom.90
sarma.hasibuan.90,winson.gultom.90
galumang.galumang,winson.gultom.90
oktavia.adelina.56,winson.gultom.90
bambang.putri.798,winson.gultom.90
100060689464268,winson.gultom.90
alim.abr.5,winson.gultom.90
sahat.hasibuan.10,winson.gultom.90
warensius.sinaga.9,winson.gultom.90
hotmarisi.hutabarat.3,winson.gultom.90
bembeng.ayamikha,winson.gultom.90
vikri.nex,winson.gultom.90
rizak.japang,winson.gultom.90
dedisdedis.dedis,winson.gultom.90
yogi.andrean.9480,winson.gultom.90
evan.adventry,winson.gultom.90
andiko.marbun.98,winson.gultom.90
rizak.japang,ridho.parna
rizak.japang,ridho.parna
rizak.japang,ridho.parna
rizak.japang,ridho.parna
rizak.japang,ridho.parna
alwi.andika.397,100081077017277
darwinsitorus.bangtorus,100081077017277
julhen.tan,100081077017277
faisalbahri.bahri.12,100081077017277
100077764404055,100081077017277
zayy.zee.5,100081077017277
100076455134182,100081077017277
100073953099870,100081077017277
100076455134182,100092478135976
lufi.natasya,100092478135976
rizak.japang,100075748369790
rizak.japang,100075748369790
rizak.japang,100072407718362
rizak.japang,100072407718362
100087843673039,100075209473510
100085334845884,100075209473510
100082421832703,100075209473510
100080475229943,100075209473510
100077764404055,100075209473510
100076455134182,100075209473510
100074135535742,100075209473510
100074020743424,100075209473510
100073953099870,100075209473510
evasusantihutapea.eva,100075209473510
ferdina.zen,100075209473510
100061686106392,100075209473510
sundari.akilahsifanah,100075209473510
100053584963235,100075209473510
safrijal.rijal.3110,100075209473510
ferdi.zen.3,100075209473510
evahutapeya.eva,100075209473510
100034678343486,100075209473510
bangg.kanouelietzh,100075209473510
rizak.japang,100075209473510
isma.hutapea.39,100075209473510
rezah1997,100075209473510
dewi.nova.1441,100075209473510
faisalbahri.bahri.12,100075209473510
donita.ita.161,100075209473510
desma.omom,100075209473510
rizak.japang,ridho.parna
100084526697627,100095036076915
rizak.japang,100072407718362
rizak.japang,100075748369790
rizak.japang,100075748369790
rizak.japang,100072407718362
rizak.japang,100072407718362
jabrit.gobel,evasusantihutapea.eva
100045391128751,evasusantihutapea.eva
evahutapeya.eva,evasusantihutapea.eva
safrijal.safrijal.71216,evasusantihutapea.eva
jabrit.gobel,evasusantihutapea.eva
100045391128751,evasusantihutapea.eva
evahutapeya.eva,evasusantihutapea.eva
safrijal.safrijal.71216,evasusantihutapea.eva
100095036076915,100084526697627
100090943041431,100084526697627
rizak.japang,100075748369790
rizak.japang,100072407718362
rizak.japang,ridho.parna
rizak.japang,ridho.parna
rizak.japang,ridho.parna
100090154244067,100075704321863
100089458483477,100075704321863
100078419051487,100075704321863
100077764404055,100075704321863
100076455134182,100075704321863
100074135535742,100075704321863
100073953099870,100075704321863
safrijal.rijal.3110,100075704321863
evahutapeya.eva,100075704321863
rizak.japang,100075704321863
faisalbahri.bahri.12,100075704321863
rizak.japang,100075748369790
100084526697627,100090943041431
100080923845866,100090943041431
jabrit.gobel,evasusantihutapea.eva
100045391128751,evasusantihutapea.eva
evahutapeya.eva,evasusantihutapea.eva
safrijal.safrijal.71216,evasusantihutapea.eva
rizak.japang,ridho.parna
100074135535742,faisalbahri.bahri.12
donita.ita.161,faisalbahri.bahri.12
100075704321863,faisalbahri.bahri.12
desma.omom,faisalbahri.bahri.12
evahutapeya.eva,faisalbahri.bahri.12
safrijal.rijal.3110,faisalbahri.bahri.12
100073953099870,faisalbahri.bahri.12
dina.e.moet.1,faisalbahri.bahri.12
100076455134182,faisalbahri.bahri.12
siraja.parna.18,faisalbahri.bahri.12
isma.hutapea.39,faisalbahri.bahri.12
100090154244067,faisalbahri.bahri.12
sukimin.min.14019,zul.marpaung.77
evasusantihutapea.eva,zul.marpaung.77
100061686106392,zul.marpaung.77
darwis.siahaan.524,zul.marpaung.77
yusdiana.manurung,zul.marpaung.77
safrijal.rijal.3110,zul.marpaung.77
evahutapeya.eva,zul.marpaung.77
rizak.japang,zul.marpaung.77
isma.hutapea.39,zul.marpaung.77
dewi.nova.1441,zul.marpaung.77
faisalbahri.bahri.12,zul.marpaung.77
donita.ita.161,zul.marpaung.77
dedi.doank.5243,zul.marpaung.77
dina.e.moet.1,zul.marpaung.77
bambang.putri.798,100073126729846
rizak.japang,100073126729846
donita.ita.161,100085334845884
dina.e.moet.1,100085334845884
100090154244067,100085334845884
100087409873573,100085334845884
100077764404055,100085334845884
100075209473510,100085334845884
100074135535742,100085334845884
100073953099870,100085334845884
evasusantihutapea.eva,100085334845884
safrijal.rijal.3110,100085334845884
evahutapeya.eva,100085334845884
100034678343486,100085334845884
rizak.japang,100085334845884
suefsuef.suefsuef,100085334845884
isma.hutapea.39,100085334845884
safrijal.safrijal.71216,100085334845884
dewi.nova.1441,100085334845884
faisalbahri.bahri.12,100085334845884
dedi.doank.5243,100085334845884
suprianto.pane.3,100073372478412
oktavia.adelina.56,100073372478412
sampang.marbun.92,100073372478412
bambang.putri.798,100073372478412
100069386964226,100073372478412
100070726473115,100073372478412
warensius.sinaga.9,100073372478412
rizak.japang,100073372478412
darmadi.chanigho,100073372478412
fernandus.siagian.5,100073372478412
safarudin.chaniago.9,100073372478412
jepry.pane.1,100073372478412
rizak.japang,yusmiani.yusmiani.35
fauzia.maharani.92,yusmiani.yusmiani.35
safrijal.safrijal.71216,yusdiana.manurung
100048960557089,yusdiana.manurung
safrijal.rijal.3110,yusdiana.manurung
kakekazka.kakekazka,yusdiana.manurung
sulinem.ulin,yusdiana.manurung
100070367738996,yusdiana.manurung
100045391128751,yusdiana.manurung
donita.ita.161,yusdiana.manurung
rizak.japang,yusdiana.manurung
dedi.doank.5243,yusdiana.manurung
100090943041431,100080923845866
nurvha.nurvha,100080923845866
bangg.kanouelietzh,yudy.setiawan.773
bang.muda.35380,yudy.setiawan.773
evan.adventry,yudy.setiawan.773
dian.wardahna,yudy.setiawan.773
bedolnhany.bedol,yudy.setiawan.773
edy.gusniawan.1,yudy.setiawan.773
sitijoni.rianto.7,yudikurniawan.kurniawan.3348
anksiguda.sembiring,yudikurniawan.kurniawan.3348
100059259618034,yudikurniawan.kurniawan.3348
irfann.mansurr,yudikurniawan.kurniawan.3348
bedolnhany.bedol,yudikurniawan.kurniawan.3348
jefri.s.darma.3,yudikurniawan.kurniawan.3348
ucpenakluk.ucpenakluk,yudikurniawan.kurniawan.3348
100039913328931,yudikurniawan.kurniawan.3348
darma.w.siregarr,yudikurniawan.kurniawan.3348
100035091545794,yudikurniawan.kurniawan.3348
bangg.kanouelietzh,yudikurniawan.kurniawan.3348
faisalbahri.bahri.12,100073953099870
100075704321863,100073953099870
100077764404055,100073953099870
bang.napitupulu.10,100073953099870
sulinem.ulin,100073953099870
100075209473510,100073953099870
zayy.zee.5,100073953099870
gio.miratana.9,100073953099870
100076455134182,100073953099870
evahutapeya.eva,100075704321863
100089458483477,100075704321863
eni.darmayani.98,fauzia.maharani.92
100041981416762,fauzia.maharani.92
al.r.pratama.750,fauzia.maharani.92
irfann.mansurr,fauzia.maharani.92
darma.w.siregarr,fauzia.maharani.92
sivajuwit.sivajuwita,fauzia.maharani.92
rizak.japang,fauzia.maharani.92
100030948439158,fauzia.maharani.92
uwo.azwar,fauzia.maharani.92
ucpenakluk.ucpenakluk,ferdi.zen.3
dini.silaen.18,ferdi.zen.3
100075774222735,ferdi.zen.3
100075341432508,ferdi.zen.3
100075209473510,ferdi.zen.3
100073635041649,ferdi.zen.3
100069386964226,ferdi.zen.3
100087409873573,100089661227429
100075341432508,100089661227429
ferdina.zen,100089661227429
rizak.japang,100089661227429
suprianto.pane.3,100089661227429
bangg.kanouelietzh,ferdina.zen
jepry.pane.1,ferdina.zen
suprianto.pane.3,ferdina.zen
100083795862286,nurvha.nurvha
100080923845866,nurvha.nurvha
rio.naldy.96,fernandus.siagian.5
oktavia.adelina.56,fernandus.siagian.5
safarudin.chaniago.9,fernandus.siagian.5
arifin.y.gultom,fernandus.siagian.5
edseptian,fernandus.siagian.5
danny.bekend.7,fernandus.siagian.5
marhite.naibaho,fernandus.siagian.5
lika.yusnanda,100069386964226
dina.e.moet.1,100069386964226
sundari.akilahsifanah,100069386964226
defryindry.indry,100069386964226
sahrial.sirait.94,100069386964226
100078345064202,ffizon.ffizon
100070726473115,ffizon.ffizon
100070114785141,ffizon.ffizon
amriadi.panjaitan,ffizon.ffizon
masjid.muawwanah,ffizon.ffizon
sundari.akilahsifanah,ffizon.ffizon
hasril.hasril.777,100073635041649
100006151848674,100073635041649
azwar.kabun,100073635041649
100085941581247,100073635041649
100084152666944,100073635041649
100069386964226,galumang.galumang
oktavia.adelina.56,galumang.galumang
bambang.putri.798,galumang.galumang
nelson.nababan.965,galumang.galumang
darwis.siahaan.524,galumang.galumang
sahat.hasibuan.10,galumang.galumang
rizak.japang,galumang.galumang
fernandus.siagian.5,galumang.galumang
ferypadly.pane,galumang.galumang
winson.gultom.90,galumang.galumang
safarudin.chaniago.9,gerindra.kabun
iwandri.iwandri.7509,gerindra.kabun
bambang.putri.798,gerindra.kabun
100059259618034,gerindra.kabun
masjid.muawwanah,gerindra.kabun
alim.abr.5,gerindra.kabun
edyputra.edyputra.547,gerindra.kabun
ffizon.ffizon,gerindra.kabun
sitijoni.rianto.7,gerindra.kabun
100039913328931,gerindra.kabun
100035091545794,gerindra.kabun
sahfrijal.damanik,gerindra.kabun
sunarji.sunarji.169405,gerindra.kabun
rizak.japang,gerindra.kabun
syamsul.hasibuan.35,gerindra.kabun
suriany.yani.3,gerindra.kabun
hasril.hasril.777,gerindra.kabun
100053584963235,gey.jin.58
rizak.japang,gey.jin.58
100087608401317,100083795862286
100063942596243,gio.miratana
barlang.caffe,gio.miratana
ali.yono.1044186,gio.miratana
diamond.sitorus.7,gio.miratana
darma.bakti.3576,gio.miratana.9
sulinem.ulin,gio.miratana.9
100070321208826,gio.miratana.9
zayy.zee.5,gio.miratana.9
diamond.sitorus.7,gio.miratana.9
julhen.tan,gio.miratana.9
msabdan.ilham,gio.miratana.9
100073953099870,gio.miratana.9
mjsitorus.pane,gio.miratana.9
amri.wey.1,gozali.draghsters
100085941581247,gozali.draghsters
100077170983219,gozali.draghsters
bambang.putri.798,gozali.draghsters
rizak.japang,guntur.nurhidayat.10
suriany.yani.3,syamsul.hasibuan.35
siti.jonirianto,syamsul.hasibuan.35
100041981416762,syamsul.hasibuan.35
100088511294114,syamsul.hasibuan.35
100085941581247,syamsul.hasibuan.35
100084152666944,syamsul.hasibuan.35
100078196651009,syamsul.hasibuan.35
100073635041649,syamsul.hasibuan.35
rizak.japang,hasan.siregar.1829
ayu.azari.961,hasan.siregar.1829
rizak.japang,100085152333018
suriany.yani.3,100085152333018
100007415798224,100085152333018
rizak.japang,100089488513544
suriany.yani.3,100089488513544
100083795862286,100087608401317
100075100004031,100087608401317
efnha.chubychuby,hasril.hasril.777
rizak.japang,hendis.nil
sinaga.sahat.37,hendis.nil
susi.frengky.7,hendis.nil
hofson.sianipar.1,hendis.nil
100075341432508,hendra.dedek.589
100069386964226,hendra.dedek.589
100061686106392,hendra.dedek.589
rizak.japang,hendra.dedek.589
dedisdedis.dedis,hendra.dedek.589
fernandus.siagian.5,hendra.dedek.589
ulfadianty.pasaribu,hendrasaor.tobing
arifin.y.gultom,100075774222735
sahrial.sirait.94,100075774222735
sunarji.sunarji.169405,100075774222735
100075341432508,100077693961480
100069386964226,100073169845123
100061686106392,100073169845123
rizak.japang,100073169845123
suprianto.pane.3,100090265117394
100069386964226,100090265117394
mjsitorus.pane,100090265117394
100088511294114,100090265117394
100078078352972,100090265117394
100075341432508,100090265117394
bangg.kanouelietzh,100090265117394
rizak.japang,100090265117394
100070726473115,100090265117394
100087409873573,100090265117394
100070229514247,100090265117394
jepry.pane.1,100090265117394
100007415798224,100090265117394
100071735144971,100027879224586
bang.napitupulu.10,100027879224586
barlang.caffe,100027879224586
100007415798224,100039695592012
tahandar.pardede,100039695592012
rizak.japang,100039695592012
rio.naldy.96,100039695592012
100075774222735,100070114785141
100069386964226,100070114785141
amriadi.panjaitan,100070114785141
sundari.akilahsifanah,100070114785141
ffizon.ffizon,100070114785141
rizak.japang,100070114785141
hasril.hasril.777,100070114785141
fortuner.fortun.12,100070114785141
azwar.kabun,100070114785141
100006151848674,100070114785141
amriadi.panjaitan,100044104042926
darwis.siahaan.524,100044104042926
ffizon.ffizon,100044104042926
hotmarisi.hutabarat.3,hofson.sianipar.1
bnn.benn.940,hofson.sianipar.1
arifin.y.gultom,hotmarisi.hutabarat.3
oktavia.adelina.56,hotmarisi.hutabarat.3
100081896298341,100038855595515
cakmin.harahap.1,100038855595515
rizak.japang,100038855595515
rizak.japang,igadhirga.iga
100075704321863,100074135535742
faisalbahri.bahri.12,100074135535742
desma.omom,100074135535742
100075209473510,100074135535742
100080475229943,100074135535742
isma.hutapea.39,100074135535742
100076455134182,100074135535742
donita.ita.161,100074135535742
100090154244067,100074135535742
100089661518122,100074135535742
100087409873573,100074135535742
100085334845884,100074135535742
100077764404055,100074135535742
100070367738996,100074135535742
evasusantihutapea.eva,100074135535742
bilqissila.bilqis.5,100074135535742
safrijal.rijal.3110,100074135535742
sriono.sriono.505523,100074135535742
100034678343486,100074135535742
rizak.japang,100074135535742
darma.w.siregarr,irfann.mansurr
sitijoni.rianto.7,irfann.mansurr
yudikurniawan.kurniawan.3348,irfann.mansurr
100030948439158,irfann.mansurr
bedolnhany.bedol,irfann.mansurr
defryindry.indry,irfann.mansurr
100087843673039,irfann.mansurr
100087409873573,irfann.mansurr
100084152666944,irfann.mansurr
100078196651009,irfann.mansurr
100076468218017,irfann.mansurr
100076277472184,irfann.mansurr
100072227381034,irfann.mansurr
100070229514247,irfann.mansurr
100069386964226,irfann.mansurr
100069198804539,irfann.mansurr
100068333153105,irfann.mansurr
ferdina.zen,irfann.mansurr
dian.wardahna,irfann.mansurr
100030948439158,irpan.mansur.315
eni.darmayani.98,irpan.mansur.315
100030651203875,irpan.mansur.315
yudy.setiawan.773,irpan.mansur.315
papi.alfha,irpan.mansur.315
rizak.japang,irpan.mansur.315
uwo.azwar,irpan.mansur.315
defryindry.indry,irpan.mansur.315
ferypadly.pane,irpan.mansur.315
dina.e.moet.1,irpan.mansur.315
100070321208826,100057299797461
julhen.tan,100057299797461
alwi.andika.397,100057299797461
100090154244067,isma.hutapea.39
faisalbahri.bahri.12,isma.hutapea.39
donita.ita.161,isma.hutapea.39
100074135535742,isma.hutapea.39
dewi.nova.1441,isma.hutapea.39
mbak.sri.5243817,100070726473115
100015426643029,100070726473115
fortuner.fortun.12,100070726473115
100070229514247,100070726473115
suriany.yani.3,100070726473115
mege.gi.9,100070726473115
suprianto.pane.3,100070726473115
ernafitriawati.erna,100070726473115
bambang.putri.798,100070726473115
amriadi.panjaitan,100070726473115
100058255179682,100070726473115
supri.sppinang,100070726473115
jamalsaragih.jamalsaragih,alinpane.alinpane
100088068566698,alinpane.alinpane
100076455134182,alinpane.alinpane
safrijal.rijal.3110,100070021790218
100073290743866,100070021790218
bang.napitupulu.10,100070021790218
alwi.andika.397,100070021790218
darwinsitorus.bangtorus,100070021790218
100048960557089,100070021790218
julhen.tan,100070021790218
rizak.japang,100070021790218
suefsuef.suefsuef,100070021790218
sulinem.ulin,100070021790218
sriono.ono.754,100070021790218
rizak.japang,100081896298341
julhen.tan,100081896298341
100075209473510,donita.ita.161
isma.hutapea.39,donita.ita.161
100085334845884,donita.ita.161
dina.e.moet.1,donita.ita.161
faisalbahri.bahri.12,donita.ita.161
100074135535742,donita.ita.161
defryindry.indry,donita.ita.161
rizak.japang,donita.ita.161
safrijal.safrijal.71216,donita.ita.161
dewi.nova.1441,donita.ita.161
100080475229943,donita.ita.161
desma.omom,donita.ita.161
darma.w.siregarr,donita.ita.161
yusdiana.manurung,donita.ita.161
100090154244067,donita.ita.161
100087409873573,donita.ita.161
100077764404055,donita.ita.161
100076455134182,donita.ita.161
100071735144971,donita.ita.161
evasusantihutapea.eva,donita.ita.161
sukimin.min.14019,donita.ita.161
zul.marpaung.77,donita.ita.161
darwis.siahaan.524,donita.ita.161
arifin.y.gultom,marhite.naibaho
winson.gultom.90,marhite.naibaho
100085941581247,marhite.naibaho
fernandus.siagian.5,marhite.naibaho
100079317817530,marhite.naibaho
100078078352972,marhite.naibaho
danny.bekend.7,marhite.naibaho
oktavia.adelina.56,marhite.naibaho
100061686106392,ita.purnamasaritanjung.1
rizak.japang,ita.purnamasaritanjung.1
dina.e.moet.1,ita.purnamasaritanjung.1
rizak.japang,100062689130389
sunarji.sunarji.169405,iwan.dri.568
randi.n.putra.3,iwan.dri.568
rizak.japang,iwan.dri.568
andeska.andeska.921,iwan.dri.568
sahrial.sirait.94,iwan.dri.568
bambang.agusworo,iwan.dri.568
samsona.samsona.58,iwan.dri.568
bembeng.ayamikha,iwangbl.gbl
rizak.japang,iwangbl.gbl
bambang.agusworo,iwangbl.gbl
safarudin.chaniago.9,iwangbl.gbl
