1,donnauli.donnauli
2,100069721502141
3,100078540712802
4,100075947730198
5,donita.ita.161
6,diamond.sitorus.7
7,rezah1997
8,dewi.nova.1441
9,defryindry.indry
10,dedi.doank.5243
11,bilqissila.bilqis.5
12,ayu.azari.961
13,al.r.pratama.750
14,yusdiana.manurung
15,100085334845884
16,zul.marpaung.77
17,100087409873573
18,sukimin.min.14019
19,100032030301691
20,100071735144971
21,sartine.enggel
22,100077764404055
23,safrijal.safrijal.71216
24,darwis.siahaan.524
25,evasusantihutapea.eva
26,100090154244067
27,darma.w.siregarr
28,dina.e.moet.1
29,darwinsitorus.bangtorus
30,100073290743866
31,sriono.ono.754
32,kakekazka.kakekazka
33,barlang.caffe
34,100079686950964
35,100053550765567
36,100070321208826
37,sanimen.sanimen.33
38,alinpane.alinpane
39,evahutapeya.eva
40,100045391128751
41,safrijal.rijal.3110
42,bang.napitupulu.10
43,100070367738996
44,100073953099870
45,jtk.jtk.7161
46,100070021790218
47,suefsuef.suefsuef
48,sriono.sriono.505523
49,sautsiahaan.sautsiahaan.96
50,siraja.parna.18
51,andro.a.syah.7
52,julhen.tan
53,100048960557089
54,ali.yono.1044186
55,100057299797461
56,jabrit.gobel
57,mozezprienbaster.mozezprienbaster
58,100069386964226
59,edseptian
60,100078196651009
61,100061686106392
62,100076227713024
63,kanou.puetrakaleem
64,ucpenakluk.ucpenakluk
65,suprianto.pane.3
66,100075991920504
67,100061995351508
68,irfann.mansurr
69,100070114785141
70,100090265117394
71,100073169845123
72,hendra.dedek.589
73,galumang.galumang
74,ferdi.zen.3
75,syamsidar.dedek.1
76,100007415798224
77,supri.sppinang
78,sarma.hasibuan.90
79,100072227381034
80,samsona.samsona.58
81,sahrial.sirait.94
82,100077094481200
83,100089517595679
84,tiara.afriza.716
85,100073312233911
86,100073372478412
87,100078011950694
88,100086645817243
89,100060689464268
90,yoko.youngkir
91,sundari.akilahsifanah
92,lika.yusnanda
93,bambang.putri.798
94,cuki.ahha
95,erdicandra.erdicandra
96,100076468218017
97,100006151848674
98,darmadi.chanigho
99,dandin.dandin.31924
100,bnn.benn.940
101,bembeng.ayamikha
102,arifin.y.gultom
103,apuokregar.apuokregar
104,100027229384880
105,100047019187609
106,alim.abr.5
107,juwitajuwita.juwitajuwita.524
108,100055530064155
109,iwandri.iwandri.7509
110,100070726473115
111,gozali.draghsters
112,gerindra.kabun
113,100073126729846
114,winson.gultom.90
115,100083209870319
116,uwo.eko.5
117,100089142940561
118,sunarji.sunarji.169405
119,sitijoni.rianto.7
120,100073080967643
121,100075583531040
122,100058255179682
123,bedolnhany.bedol
124,100076277472184
125,edy.gusniawan.1
126,papi.alfha
127,anksiguda.sembiring
128,risya.harahap
129,100030948439158
130,100059259618034
131,yudikurniawan.kurniawan.3348
132,yudy.setiawan.773
133,vikri.nex
134,suriany.yani.3
135,sahfrijal.damanik
136,mege.gi.9
137,100087843673039
138,radira.radira.3
139,100035091545794
140,100084706526080
141,uwo.azwar
142,100082307914559
143,100078345064202
144,endri.zal.75
145,dian.brandals.35
146,hofson.sianipar.1
147,jepry.pane.1
148,dicky.suhendro.9
149,ferypadly.pane
150,fortuner.fortun.12
151,yogi.andrean.9480
152,hasril.hasril.777
153,100030651203875
154,fery.marcel.7
155,100034821754516
156,hotmarisi.hutabarat.3
157,jefri.s.darma.3
158,100053584963235
159,100070229514247
160,100077170983219
161,bangg.kanouelietzh
162,eni.darmayani.98
163,bambang.agusworo
164,syamsul.hasibuan.35
165,100085378195670
166,sucie.wahyudipribadi
167,sivajuwit.sivajuwita
168,100085152333018
169,100089488513544
170,azwar.kabun
171,mbak.sri.5243817
172,100015426643029
173,100058046343572
174,ffizon.ffizon
175,amriadi.panjaitan
176,warensius.sinaga.9
177,ernafitriawati.erna
178,mjsitorus.pane
179,susi.frengky.7
180,safarudin.chaniago.9
181,100077634235812
182,100089661227429
183,ferdina.zen
184,100075341432508
185,evan.adventry
186,100088511294114
187,combet.cur.7
188,100034678343486
189,100089458483477
190,rina.starla.5
191,100085941581247
192,danny.bekend.7
193,libra.simarmata.7
194,100078078352972
195,100073635041649
196,ulfadianty.pasaribu
197,tahandar.pardede
198,100079317817530
199,rio.naldy.96
200,100076559285014
201,oktavia.adelina.56
202,irma.damayanti.1023
203,marhite.naibaho
204,100084152666944
205,randi.n.putra.3
206,berkelana.dua.90260
207,agusciesulung.sulung
208,amri.praza
209,damri.purba.12
210,100073313500186
211,100081077017277
212,hendis.nil
213,irpan.mansur.315
214,100029788273805
215,100041981416762
216,fernandus.siagian.5
217,sahat.pakpahan.376
218,nelson.nababan.965
219,msabdan.ilham
220,100072570167102
221,100070987152153
222,andiko.marbun.98
223,sahat.hasibuan.10
224,100075774222735
225,kalvin.butarbutar.5
226,100095036076915
227,100084526697627
228,elvanovita.sari.37
229,amrie.ritonga
230,100076717265275
231,100067755333373
232,100075704321863
233,faisalbahri.bahri.12
234,100078419051487
235,100074135535742
236,100076455134182
237,isma.hutapea.39
238,100075209473510
239,100080475229943
240,100089661518122
241,desma.omom
242,suefsuef.suefsuef.5
243,100082421832703
244,100074020743424
245,asna.rudika
246,sanciie.cucurut
247,100039695592012
248,100044104042926
249,efnha.chubychuby
250,100090603672325
251,iboy.munthe
252,bram.kisaran
253,100004844985834
254,amri.wey.1
255,zayy.zee.5
256,100063942596243
257,gio.miratana.9
258,sulinem.ulin
259,dea.aryani.904
260,100016167096595
261,lufi.natasya
262,100092478135976
263,100027879224586
264,100034232165939
265,100034744269473
266,100069198804539
267,100039913328931
268,100068333153105
269,fauzia.maharani.92
270,siti.jonirianto
271,100036783193836
272,bang.muda.35380
273,jihan.abenk.1
274,100056063917855
275,edyputra.edyputra.547
276,100063556446250
277,yusmiani.yusmiani.35
278,sinaga.sahat.37
279,awalluddin.sitoruspane
280,100013860968321
281,100025097896139
282,long.katua
283,neneng.lestari.35380
284,gio.miratana
285,dian.siahaan.5661
286,alwi.andika.397
287,darma.bakti.3576
288,100080749223441
289,100083049185990
290,100088371203199
291,100011607631149
292,100077693961480
293,100070056503857
294,100088068566698
295,popo.s.centre
296,100035284971900
297,jamalsaragih.jamalsaragih
298,hasan.siregar.1829
299,nuramira.nuramira.50552
300,100091809002771
301,bertus.pardosi
302,100084222944881
303,andeska.andeska.921
304,iwan.dri.568
305,100093068935088
306,masjid.muawwanah
307,100086021093712
308,100023797042466
309,hendrasaor.tobing
310,parna.cuy
311,iwangbl.gbl
312,perdi.sianturi.14
313,100075618758767
314,100078455986685
315,darwin.sitorus.395
316,dian.wardahna
317,100073325965054
318,wildaniSrg
319,dedisdedis.dedis
320,100070665161956
321,100073414450043
322,100030423527943
323,dini.silaen.18
324,boos.grub
325,100004875709401
326,ulfa.erikson
327,100076931183266
328,ita.purnamasaritanjung.1
329,gey.jin.58
330,sampang.marbun.92
331,100053000375386
332,wio.tremonti
333,100081052357474
334,100006857892194
335,muhammad.c.harahap.7
336,dedisaputra.pasaribu.37
337,rido.patdila.1
338,jasa.ribah
339,100060823224729
340,nurdianymarbun.any
341,mamath.intan.737
342,dody.nugraha.944
343,sutrisrahayu.sutrisrahayu
344,100085902557148
345,100075223763679
346,cakmin.harahap.1
347,100053808953139
348,100081896298341
349,rredwin1
350,100075076158867
351,100038855595515
352,labura.k.hebat
353,hendrik.ledise
354,100070294423888
355,sampang.marbun.3
356,100078378499355
357,100053649755153
358,ag.saputra.jr50
359,100090480843070
360,100084870042708
361,100080842762762
362,dedi.wibowo.9279
363,monicaharra.monicaharra
364,venayuniken.venayuniken
365,100080923845866
366,nurvha.nurvha
367,100081801439304
368,100084784338658
369,maisarah.panjaitan.3
370,100090943041431
371,100067567189373
372,100083795862286
373,100087608401317
374,100075100004031
